insert into Sys_Module(F_Id, F_ParentId, F_Layers, F_EnCode, F_FullName, F_Icon, F_UrlAddress, F_Target, F_IsMenu, F_IsExpand, F_IsPublic, F_AllowEdit, F_AllowDelete, F_SortCode, F_DeleteMark, F_EnabledMark, F_Description, F_CreatorTime, F_CreatorUserId, F_LastModifyTime, F_LastModifyUserId, F_DeleteTime, F_DeleteUserId) values ('824e1ef5-0dd3-465c-95bb-38f9db54a203', '0', Null, Null, '班组任务', 'fa fa-calendar-check-o', Null, 'expand', 'False', 'True', 'False', 'False', 'False', 10, Null, 'True', Null, '2020/6/1 10:40:56', '9f2ec079-7d0f-4fe2-90ab-8b09a8302aba', '2020/6/5 15:39:28', '9f2ec079-7d0f-4fe2-90ab-8b09a8302aba', Null, Null)
insert into Sys_Module(F_Id, F_ParentId, F_Layers, F_EnCode, F_FullName, F_Icon, F_UrlAddress, F_Target, F_IsMenu, F_IsExpand, F_IsPublic, F_AllowEdit, F_AllowDelete, F_SortCode, F_DeleteMark, F_EnabledMark, F_Description, F_CreatorTime, F_CreatorUserId, F_LastModifyTime, F_LastModifyUserId, F_DeleteTime, F_DeleteUserId) values ('9ee4478e-dbb9-495f-8ed9-d32d0e88fd02', '824e1ef5-0dd3-465c-95bb-38f9db54a203', Null, Null, 'CNC班组', Null, '/TeamTask/CNCTeam/Index', 'iframe', 'True', 'False', 'False', 'False', 'False', 1, Null, 'True', Null, '2020/6/1 12:40:39', '9f2ec079-7d0f-4fe2-90ab-8b09a8302aba', Null, Null, Null, Null)
insert into Sys_Module(F_Id, F_ParentId, F_Layers, F_EnCode, F_FullName, F_Icon, F_UrlAddress, F_Target, F_IsMenu, F_IsExpand, F_IsPublic, F_AllowEdit, F_AllowDelete, F_SortCode, F_DeleteMark, F_EnabledMark, F_Description, F_CreatorTime, F_CreatorUserId, F_LastModifyTime, F_LastModifyUserId, F_DeleteTime, F_DeleteUserId) values ('47f88ee5-e87d-4852-a1eb-84eb5de8f995', '824e1ef5-0dd3-465c-95bb-38f9db54a203', Null, Null, 'WE班组', Null, '/TeamTask/WETeam/Index', 'iframe', 'True', 'False', 'False', 'False', 'False', 3, Null, 'True', Null, '2020/6/1 13:41:58', '9f2ec079-7d0f-4fe2-90ab-8b09a8302aba', Null, Null, Null, Null)
insert into Sys_Module(F_Id, F_ParentId, F_Layers, F_EnCode, F_FullName, F_Icon, F_UrlAddress, F_Target, F_IsMenu, F_IsExpand, F_IsPublic, F_AllowEdit, F_AllowDelete, F_SortCode, F_DeleteMark, F_EnabledMark, F_Description, F_CreatorTime, F_CreatorUserId, F_LastModifyTime, F_LastModifyUserId, F_DeleteTime, F_DeleteUserId) values ('7fdc2982-da5e-4bcf-acee-c8763a49057a', '824e1ef5-0dd3-465c-95bb-38f9db54a203', Null, Null, 'EDM班组', Null, '/TeamTask/EdmTeam/Index', 'iframe', 'True', 'False', 'False', 'False', 'False', 2, Null, 'True', Null, '2020/6/1 10:42:40', '9f2ec079-7d0f-4fe2-90ab-8b09a8302aba', '2020/6/2 13:04:37', '9f2ec079-7d0f-4fe2-90ab-8b09a8302aba', Null, Null)
insert into Sys_Module(F_Id, F_ParentId, F_Layers, F_EnCode, F_FullName, F_Icon, F_UrlAddress, F_Target, F_IsMenu, F_IsExpand, F_IsPublic, F_AllowEdit, F_AllowDelete, F_SortCode, F_DeleteMark, F_EnabledMark, F_Description, F_CreatorTime, F_CreatorUserId, F_LastModifyTime, F_LastModifyUserId, F_DeleteTime, F_DeleteUserId) values ('2d2ae345-42ff-4d02-aca0-bd63b5bab929', '0', Null, Null, '自动化线', 'fa fa-android', Null, 'expand', 'False', 'True', 'False', 'False', 'False', 17, Null, 'True', Null, '2020/6/4 15:09:40', '9f2ec079-7d0f-4fe2-90ab-8b09a8302aba', '2020/6/5 15:40:28', '9f2ec079-7d0f-4fe2-90ab-8b09a8302aba', Null, Null)
insert into Sys_Module(F_Id, F_ParentId, F_Layers, F_EnCode, F_FullName, F_Icon, F_UrlAddress, F_Target, F_IsMenu, F_IsExpand, F_IsPublic, F_AllowEdit, F_AllowDelete, F_SortCode, F_DeleteMark, F_EnabledMark, F_Description, F_CreatorTime, F_CreatorUserId, F_LastModifyTime, F_LastModifyUserId, F_DeleteTime, F_DeleteUserId) values ('102b8a83-5067-4323-a7be-cbac42a0e5c0', '2d2ae345-42ff-4d02-aca0-bd63b5bab929', Null, Null, '运行状态', Null, '/AutomationLine/RunningState/Index', 'iframe', 'True', 'False', 'False', 'False', 'False', 1, Null, 'True', Null, '2020/6/4 15:28:33', '9f2ec079-7d0f-4fe2-90ab-8b09a8302aba', '2020/6/4 15:28:57', '9f2ec079-7d0f-4fe2-90ab-8b09a8302aba', Null, Null)
insert into Sys_Module(F_Id, F_ParentId, F_Layers, F_EnCode, F_FullName, F_Icon, F_UrlAddress, F_Target, F_IsMenu, F_IsExpand, F_IsPublic, F_AllowEdit, F_AllowDelete, F_SortCode, F_DeleteMark, F_EnabledMark, F_Description, F_CreatorTime, F_CreatorUserId, F_LastModifyTime, F_LastModifyUserId, F_DeleteTime, F_DeleteUserId) values ('09d5ad8d-ebdb-4eba-a3e0-2df65bcba8fd', '2d2ae345-42ff-4d02-aca0-bd63b5bab929', Null, Null, '数据采集', Null, '/AutomationLine/DataAcquisition/Index', 'iframe', 'True', 'False', 'False', 'False', 'False', 3, Null, 'True', Null, '2020/6/9 9:30:13', '9f2ec079-7d0f-4fe2-90ab-8b09a8302aba', '2020/6/9 10:52:45', '9f2ec079-7d0f-4fe2-90ab-8b09a8302aba', Null, Null)
insert into Sys_Module(F_Id, F_ParentId, F_Layers, F_EnCode, F_FullName, F_Icon, F_UrlAddress, F_Target, F_IsMenu, F_IsExpand, F_IsPublic, F_AllowEdit, F_AllowDelete, F_SortCode, F_DeleteMark, F_EnabledMark, F_Description, F_CreatorTime, F_CreatorUserId, F_LastModifyTime, F_LastModifyUserId, F_DeleteTime, F_DeleteUserId) values ('ba066c87-090d-4802-8f90-c3d00b4d2e1b', '2d2ae345-42ff-4d02-aca0-bd63b5bab929', Null, Null, '视频监控', Null, Null, 'iframe', 'True', 'False', 'False', 'False', 'False', 2, Null, 'True', Null, '2020/6/8 9:04:54', '9f2ec079-7d0f-4fe2-90ab-8b09a8302aba', Null, Null, Null, Null)
insert into Sys_Module(F_Id, F_ParentId, F_Layers, F_EnCode, F_FullName, F_Icon, F_UrlAddress, F_Target, F_IsMenu, F_IsExpand, F_IsPublic, F_AllowEdit, F_AllowDelete, F_SortCode, F_DeleteMark, F_EnabledMark, F_Description, F_CreatorTime, F_CreatorUserId, F_LastModifyTime, F_LastModifyUserId, F_DeleteTime, F_DeleteUserId) values ('ea520850-c1a8-47dc-8944-9c216844dbcb', '0', Null, Null, '运营监控', 'fa fa-bar-chart', Null, 'expand', 'False', 'True', 'False', 'False', 'False', 6, Null, 'True', Null, '2020/6/5 15:41:27', '9f2ec079-7d0f-4fe2-90ab-8b09a8302aba', '2020/6/5 15:45:53', '9f2ec079-7d0f-4fe2-90ab-8b09a8302aba', Null, Null)
insert into Sys_Module(F_Id, F_ParentId, F_Layers, F_EnCode, F_FullName, F_Icon, F_UrlAddress, F_Target, F_IsMenu, F_IsExpand, F_IsPublic, F_AllowEdit, F_AllowDelete, F_SortCode, F_DeleteMark, F_EnabledMark, F_Description, F_CreatorTime, F_CreatorUserId, F_LastModifyTime, F_LastModifyUserId, F_DeleteTime, F_DeleteUserId) values ('5b67105d-518e-4129-9540-b2474c777c6d', '0', Null, Null, '项目工程', 'fa fa-television', Null, 'expand', 'False', 'True', 'False', 'False', 'False', 7, Null, 'True', Null, '2020/6/5 15:47:36', '9f2ec079-7d0f-4fe2-90ab-8b09a8302aba', '2020/6/5 15:52:42', '9f2ec079-7d0f-4fe2-90ab-8b09a8302aba', Null, Null)
insert into Sys_Module(F_Id, F_ParentId, F_Layers, F_EnCode, F_FullName, F_Icon, F_UrlAddress, F_Target, F_IsMenu, F_IsExpand, F_IsPublic, F_AllowEdit, F_AllowDelete, F_SortCode, F_DeleteMark, F_EnabledMark, F_Description, F_CreatorTime, F_CreatorUserId, F_LastModifyTime, F_LastModifyUserId, F_DeleteTime, F_DeleteUserId) values ('c9a46956-c5e3-4263-bd05-e9bd3e122f70', '0', Null, Null, '品质优化', 'fa fa-balance-scale', Null, 'expand', 'False', 'True', 'False', 'False', 'False', 11, Null, 'True', Null, '2020/6/5 16:05:43', '9f2ec079-7d0f-4fe2-90ab-8b09a8302aba', '2020/6/5 16:12:41', '9f2ec079-7d0f-4fe2-90ab-8b09a8302aba', Null, Null)
insert into Sys_Module(F_Id, F_ParentId, F_Layers, F_EnCode, F_FullName, F_Icon, F_UrlAddress, F_Target, F_IsMenu, F_IsExpand, F_IsPublic, F_AllowEdit, F_AllowDelete, F_SortCode, F_DeleteMark, F_EnabledMark, F_Description, F_CreatorTime, F_CreatorUserId, F_LastModifyTime, F_LastModifyUserId, F_DeleteTime, F_DeleteUserId) values ('c0b9d3d5-e47a-4583-81d5-ebb9ef79852c', '0', Null, Null, '成本分析', 'fa fa-rmb', Null, 'expand', 'False', 'True', 'False', 'False', 'False', 12, Null, 'True', Null, '2020/6/5 16:08:42', '9f2ec079-7d0f-4fe2-90ab-8b09a8302aba', '2020/6/5 16:10:13', '9f2ec079-7d0f-4fe2-90ab-8b09a8302aba', Null, Null)
insert into Sys_Module(F_Id, F_ParentId, F_Layers, F_EnCode, F_FullName, F_Icon, F_UrlAddress, F_Target, F_IsMenu, F_IsExpand, F_IsPublic, F_AllowEdit, F_AllowDelete, F_SortCode, F_DeleteMark, F_EnabledMark, F_Description, F_CreatorTime, F_CreatorUserId, F_LastModifyTime, F_LastModifyUserId, F_DeleteTime, F_DeleteUserId) values ('e7023ac6-4a1c-4f8e-ba24-36219852e5ba', '0', Null, Null, '仓储物流', 'fa fa-truck', Null, 'expand', 'False', 'True', 'False', 'False', 'False', 13, Null, 'True', Null, '2020/6/5 16:12:19', '9f2ec079-7d0f-4fe2-90ab-8b09a8302aba', '2020/6/5 16:14:58', '9f2ec079-7d0f-4fe2-90ab-8b09a8302aba', Null, Null)
insert into Sys_Module(F_Id, F_ParentId, F_Layers, F_EnCode, F_FullName, F_Icon, F_UrlAddress, F_Target, F_IsMenu, F_IsExpand, F_IsPublic, F_AllowEdit, F_AllowDelete, F_SortCode, F_DeleteMark, F_EnabledMark, F_Description, F_CreatorTime, F_CreatorUserId, F_LastModifyTime, F_LastModifyUserId, F_DeleteTime, F_DeleteUserId) values ('708a7762-4c95-4546-943e-4ae367dfd1e8', '0', Null, Null, '设备维护', 'fa fa-wrench', Null, 'expand', 'False', 'True', 'False', 'False', 'False', 14, Null, 'True', Null, '2020/6/5 16:20:48', '9f2ec079-7d0f-4fe2-90ab-8b09a8302aba', Null, Null, Null, Null)
insert into Sys_Module(F_Id, F_ParentId, F_Layers, F_EnCode, F_FullName, F_Icon, F_UrlAddress, F_Target, F_IsMenu, F_IsExpand, F_IsPublic, F_AllowEdit, F_AllowDelete, F_SortCode, F_DeleteMark, F_EnabledMark, F_Description, F_CreatorTime, F_CreatorUserId, F_LastModifyTime, F_LastModifyUserId, F_DeleteTime, F_DeleteUserId) values ('dd75dfc8-6a8a-4710-af45-09783102d3c9', '0', Null, Null, '员工绩效', 'fa fa-trophy', Null, 'expand', 'False', 'True', 'False', 'False', 'False', 15, Null, 'True', Null, '2020/6/5 16:26:51', '9f2ec079-7d0f-4fe2-90ab-8b09a8302aba', Null, Null, Null, Null)
insert into Sys_Module(F_Id, F_ParentId, F_Layers, F_EnCode, F_FullName, F_Icon, F_UrlAddress, F_Target, F_IsMenu, F_IsExpand, F_IsPublic, F_AllowEdit, F_AllowDelete, F_SortCode, F_DeleteMark, F_EnabledMark, F_Description, F_CreatorTime, F_CreatorUserId, F_LastModifyTime, F_LastModifyUserId, F_DeleteTime, F_DeleteUserId) values ('b4089188-f7f4-4fa2-bed7-28f5f6c7e103', '0', Null, Null, '智能决策', 'fa fa-gavel', Null, 'expand', 'False', 'True', 'False', 'False', 'False', 16, Null, 'True', Null, '2020/6/5 16:33:08', '9f2ec079-7d0f-4fe2-90ab-8b09a8302aba', Null, Null, Null, Null)
insert into Sys_Module(F_Id, F_ParentId, F_Layers, F_EnCode, F_FullName, F_Icon, F_UrlAddress, F_Target, F_IsMenu, F_IsExpand, F_IsPublic, F_AllowEdit, F_AllowDelete, F_SortCode, F_DeleteMark, F_EnabledMark, F_Description, F_CreatorTime, F_CreatorUserId, F_LastModifyTime, F_LastModifyUserId, F_DeleteTime, F_DeleteUserId) values ('c7cbf256-f8c5-4a07-b291-01cb612396c9', '0', Null, Null, '工艺排程', 'fa fa-calendar', Null, 'expand', 'False', 'True', 'False', 'False', 'False', 8, Null, 'True', Null, '2020/6/5 15:56:29', '9f2ec079-7d0f-4fe2-90ab-8b09a8302aba', Null, Null, Null, Null)
insert into Sys_Module(F_Id, F_ParentId, F_Layers, F_EnCode, F_FullName, F_Icon, F_UrlAddress, F_Target, F_IsMenu, F_IsExpand, F_IsPublic, F_AllowEdit, F_AllowDelete, F_SortCode, F_DeleteMark, F_EnabledMark, F_Description, F_CreatorTime, F_CreatorUserId, F_LastModifyTime, F_LastModifyUserId, F_DeleteTime, F_DeleteUserId) values ('52dd1989-4ff6-4e26-b5a0-9b7cb0644b0a', '0', Null, Null, '生产管理', 'fa fa-bullhorn', Null, 'expand', 'False', 'True', 'False', 'False', 'False', 9, Null, 'True', Null, '2020/6/5 15:58:45', '9f2ec079-7d0f-4fe2-90ab-8b09a8302aba', Null, Null, Null, Null)
insert into Sys_Module(F_Id, F_ParentId, F_Layers, F_EnCode, F_FullName, F_Icon, F_UrlAddress, F_Target, F_IsMenu, F_IsExpand, F_IsPublic, F_AllowEdit, F_AllowDelete, F_SortCode, F_DeleteMark, F_EnabledMark, F_Description, F_CreatorTime, F_CreatorUserId, F_LastModifyTime, F_LastModifyUserId, F_DeleteTime, F_DeleteUserId) values ('0f5597c5-2b94-4237-b0b4-ee7b7a32e45a', 'ea520850-c1a8-47dc-8944-9c216844dbcb', Null, Null, '经营概览', Null, '/OperationMonitoring/BusinessOverview/Index', 'iframe', 'True', 'False', 'False', 'False', 'False', 1, Null, 'True', Null, '2020/6/12 10:46:41', '9f2ec079-7d0f-4fe2-90ab-8b09a8302aba', '2020/6/12 10:57:56', '9f2ec079-7d0f-4fe2-90ab-8b09a8302aba', Null, Null)
insert into Sys_Module(F_Id, F_ParentId, F_Layers, F_EnCode, F_FullName, F_Icon, F_UrlAddress, F_Target, F_IsMenu, F_IsExpand, F_IsPublic, F_AllowEdit, F_AllowDelete, F_SortCode, F_DeleteMark, F_EnabledMark, F_Description, F_CreatorTime, F_CreatorUserId, F_LastModifyTime, F_LastModifyUserId, F_DeleteTime, F_DeleteUserId) values ('ccca25fe-eee4-44ae-942b-eb00002a7dd2', 'ea520850-c1a8-47dc-8944-9c216844dbcb', Null, Null, '工程主页', Null, '/OperationMonitoring/EngineeringHomepage/Index', 'iframe', 'True', 'False', 'False', 'False', 'False', 2, Null, 'True', Null, '2020/6/19 9:31:01', '9f2ec079-7d0f-4fe2-90ab-8b09a8302aba', '2020/6/19 9:41:53', '9f2ec079-7d0f-4fe2-90ab-8b09a8302aba', Null, Null)
insert into Sys_Module(F_Id, F_ParentId, F_Layers, F_EnCode, F_FullName, F_Icon, F_UrlAddress, F_Target, F_IsMenu, F_IsExpand, F_IsPublic, F_AllowEdit, F_AllowDelete, F_SortCode, F_DeleteMark, F_EnabledMark, F_Description, F_CreatorTime, F_CreatorUserId, F_LastModifyTime, F_LastModifyUserId, F_DeleteTime, F_DeleteUserId) values ('0a6a468b-4e19-4fbf-8ed8-15777d676cb7', '52dd1989-4ff6-4e26-b5a0-9b7cb0644b0a', Null, Null, '生管主页', Null, '/ProductionManage/ProductionManageHome/Index', 'iframe', 'True', 'False', 'False', 'False', 'False', 1, Null, 'True', Null, '2020/6/28 10:20:28', '9f2ec079-7d0f-4fe2-90ab-8b09a8302aba', Null, Null, Null, Null)
insert into Sys_Module(F_Id, F_ParentId, F_Layers, F_EnCode, F_FullName, F_Icon, F_UrlAddress, F_Target, F_IsMenu, F_IsExpand, F_IsPublic, F_AllowEdit, F_AllowDelete, F_SortCode, F_DeleteMark, F_EnabledMark, F_Description, F_CreatorTime, F_CreatorUserId, F_LastModifyTime, F_LastModifyUserId, F_DeleteTime, F_DeleteUserId) values ('c0d08460-5ee8-4b52-a404-78f458156d9c', 'c9a46956-c5e3-4263-bd05-e9bd3e122f70', Null, Null, '品质工程', Null, '/QualityOptimization/QualityEngineering/Index', 'iframe', 'True', 'False', 'False', 'False', 'False', 2, Null, 'True', Null, '2020/6/30 9:10:22', '9f2ec079-7d0f-4fe2-90ab-8b09a8302aba', Null, Null, Null, Null)


CREATE table Sys_TaskList  --班组:任务清单
(  
id int identity (1,1) primary key , 
Process_Id INT,--同步需要用到
Mold_No varchar(50)  NULL, --模具编号
Part_Number  varchar(50)  NULL,--零件编号
Process_Name varchar(50)  NULL,--工序名称
Planned_Equipment varchar(50)  NULL,--计划设备
Start_Time DATETIME, --开始时间
END_Time DATETIME, --结束时间
Latest_Start_Time DATETIME,--最晚开始时间
Working_Hours varchar(50)  NULL,--标准工时
Customer  varchar(50)  NULL,--客户
Mold_Kernel_Material varchar(50)  NULL,--模仁材质
Category varchar(50)  NULL,--类别
Team varchar(50)  NULL,  --班组
Colour varchar(50)  NULL,  --灯的颜色
IsEffective int DEFAULT 1 -- 0 无效 1 有效 1显示
)  
INSERT INTO [NFineBase].[dbo].[Sys_TaskList]([Mold_No] ,[Part_Number] ,[Planned_Equipment] ,[Start_Time] ,[END_Time] ,[Latest_Start_Time]
,[Working_Hours] ,[Customer] ,[Mold_Kernel_Material] ,[Category] ,[Team] ,[Colour])
VALUES ('IK19001' ,'F01' ,'GF01' ,GETDATE() ,GETDATE() ,GETDATE() ,2 ,'INNER' ,8407 ,2 ,'EDM' ,'#006600')
INSERT INTO [NFineBase].[dbo].[Sys_TaskList]([Mold_No] ,[Part_Number] ,[Planned_Equipment] ,[Start_Time] ,[END_Time] ,[Latest_Start_Time]
,[Working_Hours] ,[Customer] ,[Mold_Kernel_Material] ,[Category] ,[Team] ,[Colour])
VALUES ('IK19002' ,'S01' ,'GF03' ,GETDATE() ,GETDATE() ,GETDATE() ,5 ,'INNER' ,8407 ,2 ,'EDM' ,'#CCFF00')
INSERT INTO [NFineBase].[dbo].[Sys_TaskList]([Mold_No] ,[Part_Number] ,[Planned_Equipment] ,[Start_Time] ,[END_Time] ,[Latest_Start_Time]
,[Working_Hours] ,[Customer] ,[Mold_Kernel_Material] ,[Category] ,[Team] ,[Colour])
VALUES ('IK19003' ,'X92' ,'GF04' ,GETDATE() ,GETDATE() ,GETDATE() ,4 ,'INNER' ,8407 ,2 ,'EDM' ,'#CCFF00')
INSERT INTO [NFineBase].[dbo].[Sys_TaskList]([Mold_No] ,[Part_Number] ,[Planned_Equipment] ,[Start_Time] ,[END_Time] ,[Latest_Start_Time]
,[Working_Hours] ,[Customer] ,[Mold_Kernel_Material] ,[Category] ,[Team] ,[Colour])
VALUES ('IK19004' ,'M01' ,'GF02' ,GETDATE() ,GETDATE() ,GETDATE() ,2 ,'INNER' ,8407 ,2 ,'EDM' ,'#CC0000')

INSERT INTO [NFineBase].[dbo].[Sys_TaskList]([Mold_No] ,[Part_Number] ,[Planned_Equipment] ,[Start_Time] ,[END_Time] ,[Latest_Start_Time]
,[Working_Hours] ,[Customer] ,[Mold_Kernel_Material] ,[Category] ,[Team] ,[Colour])
VALUES ('IK19001' ,'F01' ,'GF01' ,GETDATE() ,GETDATE() ,GETDATE() ,2 ,'INNER' ,8407 ,2 ,'CNC' ,'#006600')
INSERT INTO [NFineBase].[dbo].[Sys_TaskList]([Mold_No] ,[Part_Number] ,[Planned_Equipment] ,[Start_Time] ,[END_Time] ,[Latest_Start_Time]
,[Working_Hours] ,[Customer] ,[Mold_Kernel_Material] ,[Category] ,[Team] ,[Colour])
VALUES ('IK19002' ,'S01' ,'GF03' ,GETDATE() ,GETDATE() ,GETDATE() ,5 ,'INNER' ,8407 ,2 ,'CNC' ,'#CCFF00')
INSERT INTO [NFineBase].[dbo].[Sys_TaskList]([Mold_No] ,[Part_Number] ,[Planned_Equipment] ,[Start_Time] ,[END_Time] ,[Latest_Start_Time]
,[Working_Hours] ,[Customer] ,[Mold_Kernel_Material] ,[Category] ,[Team] ,[Colour])
VALUES ('IK19003' ,'X92' ,'GF04' ,GETDATE() ,GETDATE() ,GETDATE() ,4 ,'INNER' ,8407 ,2 ,'CNC' ,'#CCFF00')
INSERT INTO [NFineBase].[dbo].[Sys_TaskList]([Mold_No] ,[Part_Number] ,[Planned_Equipment] ,[Start_Time] ,[END_Time] ,[Latest_Start_Time]
,[Working_Hours] ,[Customer] ,[Mold_Kernel_Material] ,[Category] ,[Team] ,[Colour])
VALUES ('IK19004' ,'M01' ,'GF02' ,GETDATE() ,GETDATE() ,GETDATE() ,2 ,'INNER' ,8407 ,2 ,'CNC' ,'#CC0000')

INSERT INTO [NFineBase].[dbo].[Sys_TaskList]([Mold_No] ,[Part_Number] ,[Planned_Equipment] ,[Start_Time] ,[END_Time] ,[Latest_Start_Time]
,[Working_Hours] ,[Customer] ,[Mold_Kernel_Material] ,[Category] ,[Team] ,[Colour])
VALUES ('IK19001' ,'F01' ,'GF01' ,GETDATE() ,GETDATE() ,GETDATE() ,2 ,'INNER' ,8407 ,2 ,'WE' ,'#006600')
INSERT INTO [NFineBase].[dbo].[Sys_TaskList]([Mold_No] ,[Part_Number] ,[Planned_Equipment] ,[Start_Time] ,[END_Time] ,[Latest_Start_Time]
,[Working_Hours] ,[Customer] ,[Mold_Kernel_Material] ,[Category] ,[Team] ,[Colour])
VALUES ('IK19002' ,'S01' ,'GF03' ,GETDATE() ,GETDATE() ,GETDATE() ,5 ,'INNER' ,8407 ,2 ,'WE' ,'#CCFF00')
INSERT INTO [NFineBase].[dbo].[Sys_TaskList]([Mold_No] ,[Part_Number] ,[Planned_Equipment] ,[Start_Time] ,[END_Time] ,[Latest_Start_Time]
,[Working_Hours] ,[Customer] ,[Mold_Kernel_Material] ,[Category] ,[Team] ,[Colour])
VALUES ('IK19003' ,'X92' ,'GF04' ,GETDATE() ,GETDATE() ,GETDATE() ,4 ,'INNER' ,8407 ,2 ,'WE' ,'#CCFF00')
INSERT INTO [NFineBase].[dbo].[Sys_TaskList]([Mold_No] ,[Part_Number] ,[Planned_Equipment] ,[Start_Time] ,[END_Time] ,[Latest_Start_Time]
,[Working_Hours] ,[Customer] ,[Mold_Kernel_Material] ,[Category] ,[Team] ,[Colour])
VALUES ('IK19004' ,'M01' ,'GF02' ,GETDATE() ,GETDATE() ,GETDATE() ,2 ,'INNER' ,8407 ,2 ,'WE' ,'#CC0000')
CREATE table Sys_EquipmentList  --班组:设备清单
(  
id int identity (1,1) primary KEY,
Equipment_Name varchar(50)  NULL,--设备名
Equipment_Url varchar(200)  NULL,--设备Url
Mold_No       varchar(50)  NULL, --模具编号
Workpieces_Name varchar(50)  NULL,--加工件名
Workpieces_Url varchar(200)  NULL, --加工件Url
Yield  varchar(10)  NULL, --今日产量
Jiadong FLOAT  NULL, --稼动率
Team varchar(50)  NULL,  --班组
Colour varchar(50)  NULL,  --灯的颜色
CreationTime DATETIME not null default getdate(),--创建时间
IsEffective int DEFAULT 1 -- 0 无效 1 有效 1显示
)
INSERT INTO [dbo].[Sys_EquipmentList]([Equipment_Name],[Equipment_Url],[Workpieces_Name],[Workpieces_Url],[Yield],[Jiadong],[Team],[Colour])
VALUES('GF01','/Content/img/product/edm/GF01a.png','','/Content/img/product/edm/GF01a.png','6','0.83','EDM' ,'#CC0000')
INSERT INTO [dbo].[Sys_EquipmentList]([Equipment_Name],[Equipment_Url],[Workpieces_Name],[Workpieces_Url],[Yield],[Jiadong],[Team],[Colour])
VALUES('GF02','/Content/img/product/edm/GF01a.png','','/Content/img/product/edm/GF01b.png','3','0.90','EDM' ,'#CCFF00')
INSERT INTO [dbo].[Sys_EquipmentList]([Equipment_Name],[Equipment_Url],[Workpieces_Name],[Workpieces_Url],[Yield],[Jiadong],[Team],[Colour])
VALUES('GF01','/Content/img/product/edm/GF01a.png','','/Content/img/product/edm/GF01a.png','6','0.83','EDM' ,'#00CC99')
INSERT INTO [dbo].[Sys_EquipmentList]([Equipment_Name],[Equipment_Url],[Workpieces_Name],[Workpieces_Url],[Yield],[Jiadong],[Team],[Colour])
VALUES('GF02','/Content/img/product/edm/GF01a.png','','/Content/img/product/edm/GF01b.png','3','0.90','EDM' ,'#00CC99')

INSERT INTO [dbo].[Sys_EquipmentList]([Equipment_Name],[Equipment_Url],[Workpieces_Name],[Workpieces_Url],[Yield],[Jiadong],[Team],[Colour])
VALUES('GF01','/Content/img/product/cnc/GF01a.png','','/Content/img/product/cnc/GF01b.png','6','0.83','CNC' ,'#00CC99')
INSERT INTO [dbo].[Sys_EquipmentList]([Equipment_Name],[Equipment_Url],[Workpieces_Name],[Workpieces_Url],[Yield],[Jiadong],[Team],[Colour])
VALUES('GF02','/Content/img/product/cnc/GF02a.png','','/Content/img/product/cnc/GF02b.png','3','0.90','CNC' ,'#00CC99')
INSERT INTO [dbo].[Sys_EquipmentList]([Equipment_Name],[Equipment_Url],[Workpieces_Name],[Workpieces_Url],[Yield],[Jiadong],[Team],[Colour])
VALUES('GF03','/Content/img/product/cnc/GF03a.png','','/Content/img/product/cnc/GF03b.png','2','0.95','CNC' ,'#00CC99')
INSERT INTO [dbo].[Sys_EquipmentList]([Equipment_Name],[Equipment_Url],[Workpieces_Name],[Workpieces_Url],[Yield],[Jiadong],[Team],[Colour])
VALUES('GF04','/Content/img/product/cnc/GF04a.png','','/Content/img/product/cnc/GF04b.png','3','0.89','CNC' ,'#C4C400')
INSERT INTO [dbo].[Sys_EquipmentList]([Equipment_Name],[Equipment_Url],[Workpieces_Name],[Workpieces_Url],[Yield],[Jiadong],[Team],[Colour])
VALUES('GF05','/Content/img/product/cnc/GF05a.png','','/Content/img/product/cnc/GF05b.png','6','0.85','CNC' ,'#C4C400')
INSERT INTO [dbo].[Sys_EquipmentList]([Equipment_Name],[Equipment_Url],[Workpieces_Name],[Workpieces_Url],[Yield],[Jiadong],[Team],[Colour])
VALUES('GF06','/Content/img/product/cnc/GF06a.png','','/Content/img/product/cnc/GF06b.png','4','0.95','CNC' ,'#FF5809')

INSERT INTO [dbo].[Sys_EquipmentList]([Equipment_Name],[Equipment_Url],[Workpieces_Name],[Workpieces_Url],[Yield],[Jiadong],[Team],[Colour])
VALUES('GF01','/Content/img/product/we/GF01a.png','','/Content/img/product/we/GF01b.png','6','0.83','WE' ,'#019858')
INSERT INTO [dbo].[Sys_EquipmentList]([Equipment_Name],[Equipment_Url],[Workpieces_Name],[Workpieces_Url],[Yield],[Jiadong],[Team],[Colour])
VALUES('GF02','/Content/img/product/we/GF02a.png','','/Content/img/product/we/GF02b.png','3','0.90','WE' ,'#019858')
INSERT INTO [dbo].[Sys_EquipmentList]([Equipment_Name],[Equipment_Url],[Workpieces_Name],[Workpieces_Url],[Yield],[Jiadong],[Team],[Colour])
VALUES('GF03','/Content/img/product/we/GF03a.png','','/Content/img/product/we/GF03b.png','2','0.95','WE' ,'#019858')
INSERT INTO [dbo].[Sys_EquipmentList]([Equipment_Name],[Equipment_Url],[Workpieces_Name],[Workpieces_Url],[Yield],[Jiadong],[Team],[Colour])
VALUES('GF04','/Content/img/product/we/GF04a.png','','/Content/img/product/we/GF04b.png','3','0.89','WE' ,'#C4C400')
INSERT INTO [dbo].[Sys_EquipmentList]([Equipment_Name],[Equipment_Url],[Workpieces_Name],[Workpieces_Url],[Yield],[Jiadong],[Team],[Colour])
VALUES('GF05','/Content/img/product/we/GF05a.png','','/Content/img/product/we/GF05b.png','6','0.85','WE' ,'#C4C400')
INSERT INTO [dbo].[Sys_EquipmentList]([Equipment_Name],[Equipment_Url],[Workpieces_Name],[Workpieces_Url],[Yield],[Jiadong],[Team],[Colour])
VALUES('GF06','/Content/img/product/we/GF06a.png','','/Content/img/product/we/GF06b.png','4','0.95','WE' ,'#FF5809')
CREATE TABLE Sys_CapacityLoad --班组:产能/负荷
(
	id int identity (1,1) primary KEY,
	Task_Type varchar(50)  NULL,--类别：产能/负荷
	Device_Name varchar(50)  NULL,--设备名(展示的时候，产能/负荷的设备名保持一致)
	Device_Number int,--设备数量
	Team varchar(50)  NULL,  --班组
	Colour varchar(50)  NULL,  --颜色
	CreationTime DATETIME not null default getdate(),--创建时间
	IsEffective int DEFAULT 1 -- 0 无效 1 有效 1显示
)
INSERT INTO [dbo].[Sys_CapacityLoad] ([Task_Type] ,[Device_Name] ,[Device_Number] ,[Team] ,[Colour])VALUES ('产能','GF01',88,'EDM','#01B468')
INSERT INTO [dbo].[Sys_CapacityLoad] ([Task_Type] ,[Device_Name] ,[Device_Number] ,[Team] ,[Colour])VALUES ('产能','GF02',66,'EDM','#01B468')
INSERT INTO [dbo].[Sys_CapacityLoad] ([Task_Type] ,[Device_Name] ,[Device_Number] ,[Team] ,[Colour])VALUES ('产能','GF03',66,'EDM','#01B468')
INSERT INTO [dbo].[Sys_CapacityLoad] ([Task_Type] ,[Device_Name] ,[Device_Number] ,[Team] ,[Colour])VALUES ('产能','GF04',66,'EDM','#01B468')
INSERT INTO [dbo].[Sys_CapacityLoad] ([Task_Type] ,[Device_Name] ,[Device_Number] ,[Team] ,[Colour])VALUES ('产能','GF05',66,'EDM','#01B468')
INSERT INTO [dbo].[Sys_CapacityLoad] ([Task_Type] ,[Device_Name] ,[Device_Number] ,[Team] ,[Colour])VALUES ('产能','GF06',32,'EDM','#01B468')
INSERT INTO [dbo].[Sys_CapacityLoad] ([Task_Type] ,[Device_Name] ,[Device_Number] ,[Team] ,[Colour])VALUES ('负荷','GF01',100,'EDM','#F9F900')
INSERT INTO [dbo].[Sys_CapacityLoad] ([Task_Type] ,[Device_Name] ,[Device_Number] ,[Team] ,[Colour])VALUES ('负荷','GF02',120,'EDM','#FF2D2D')
INSERT INTO [dbo].[Sys_CapacityLoad] ([Task_Type] ,[Device_Name] ,[Device_Number] ,[Team] ,[Colour])VALUES ('负荷','GF03',78,'EDM','#F9F900')
INSERT INTO [dbo].[Sys_CapacityLoad] ([Task_Type] ,[Device_Name] ,[Device_Number] ,[Team] ,[Colour])VALUES ('负荷','GF04',325,'EDM','#FF2D2D')
INSERT INTO [dbo].[Sys_CapacityLoad] ([Task_Type] ,[Device_Name] ,[Device_Number] ,[Team] ,[Colour])VALUES ('负荷','GF05',221,'EDM','#FF2D2D')
INSERT INTO [dbo].[Sys_CapacityLoad] ([Task_Type] ,[Device_Name] ,[Device_Number] ,[Team] ,[Colour])VALUES ('负荷','GF06',23,'EDM','#F9F900')

INSERT INTO [dbo].[Sys_CapacityLoad] ([Task_Type] ,[Device_Name] ,[Device_Number] ,[Team] ,[Colour])VALUES ('产能','GF01',100,'CNC','#01B468')
INSERT INTO [dbo].[Sys_CapacityLoad] ([Task_Type] ,[Device_Name] ,[Device_Number] ,[Team] ,[Colour])VALUES ('产能','GF02',120,'CNC','#01B468')
INSERT INTO [dbo].[Sys_CapacityLoad] ([Task_Type] ,[Device_Name] ,[Device_Number] ,[Team] ,[Colour])VALUES ('产能','GF03',95,'CNC','#01B468')
INSERT INTO [dbo].[Sys_CapacityLoad] ([Task_Type] ,[Device_Name] ,[Device_Number] ,[Team] ,[Colour])VALUES ('产能','GF04',89,'CNC','#01B468')
INSERT INTO [dbo].[Sys_CapacityLoad] ([Task_Type] ,[Device_Name] ,[Device_Number] ,[Team] ,[Colour])VALUES ('产能','GF05',100,'CNC','#01B468')
INSERT INTO [dbo].[Sys_CapacityLoad] ([Task_Type] ,[Device_Name] ,[Device_Number] ,[Team] ,[Colour])VALUES ('产能','GF06',110,'CNC','#01B468')
INSERT INTO [dbo].[Sys_CapacityLoad] ([Task_Type] ,[Device_Name] ,[Device_Number] ,[Team] ,[Colour])VALUES ('负荷','GF01',130,'CNC','#F9F900')
INSERT INTO [dbo].[Sys_CapacityLoad] ([Task_Type] ,[Device_Name] ,[Device_Number] ,[Team] ,[Colour])VALUES ('负荷','GF02',140,'CNC','#FF2D2D')
INSERT INTO [dbo].[Sys_CapacityLoad] ([Task_Type] ,[Device_Name] ,[Device_Number] ,[Team] ,[Colour])VALUES ('负荷','GF03',95,'CNC','#F9F900')
INSERT INTO [dbo].[Sys_CapacityLoad] ([Task_Type] ,[Device_Name] ,[Device_Number] ,[Team] ,[Colour])VALUES ('负荷','GF04',150,'CNC','#FF2D2D')
INSERT INTO [dbo].[Sys_CapacityLoad] ([Task_Type] ,[Device_Name] ,[Device_Number] ,[Team] ,[Colour])VALUES ('负荷','GF05',130,'CNC','#FF2D2D')
INSERT INTO [dbo].[Sys_CapacityLoad] ([Task_Type] ,[Device_Name] ,[Device_Number] ,[Team] ,[Colour])VALUES ('负荷','GF06',50,'CNC','#F9F900')

INSERT INTO [dbo].[Sys_CapacityLoad] ([Task_Type] ,[Device_Name] ,[Device_Number] ,[Team] ,[Colour])VALUES ('产能','GF01',95,'WE','#01B468')
INSERT INTO [dbo].[Sys_CapacityLoad] ([Task_Type] ,[Device_Name] ,[Device_Number] ,[Team] ,[Colour])VALUES ('产能','GF02',96,'WE','#01B468')
INSERT INTO [dbo].[Sys_CapacityLoad] ([Task_Type] ,[Device_Name] ,[Device_Number] ,[Team] ,[Colour])VALUES ('产能','GF03',94,'WE','#01B468')
INSERT INTO [dbo].[Sys_CapacityLoad] ([Task_Type] ,[Device_Name] ,[Device_Number] ,[Team] ,[Colour])VALUES ('产能','GF04',92,'WE','#01B468')
INSERT INTO [dbo].[Sys_CapacityLoad] ([Task_Type] ,[Device_Name] ,[Device_Number] ,[Team] ,[Colour])VALUES ('产能','GF05',89,'WE','#01B468')
INSERT INTO [dbo].[Sys_CapacityLoad] ([Task_Type] ,[Device_Name] ,[Device_Number] ,[Team] ,[Colour])VALUES ('产能','GF06',89,'WE','#01B468')
INSERT INTO [dbo].[Sys_CapacityLoad] ([Task_Type] ,[Device_Name] ,[Device_Number] ,[Team] ,[Colour])VALUES ('负荷','GF01',86,'WE','#F9F900')
INSERT INTO [dbo].[Sys_CapacityLoad] ([Task_Type] ,[Device_Name] ,[Device_Number] ,[Team] ,[Colour])VALUES ('负荷','GF02',87,'WE','#FF2D2D')
INSERT INTO [dbo].[Sys_CapacityLoad] ([Task_Type] ,[Device_Name] ,[Device_Number] ,[Team] ,[Colour])VALUES ('负荷','GF03',95,'WE','#F9F900')
INSERT INTO [dbo].[Sys_CapacityLoad] ([Task_Type] ,[Device_Name] ,[Device_Number] ,[Team] ,[Colour])VALUES ('负荷','GF04',100,'WE','#FF2D2D')
INSERT INTO [dbo].[Sys_CapacityLoad] ([Task_Type] ,[Device_Name] ,[Device_Number] ,[Team] ,[Colour])VALUES ('负荷','GF05',50,'WE','#FF2D2D')
INSERT INTO [dbo].[Sys_CapacityLoad] ([Task_Type] ,[Device_Name] ,[Device_Number] ,[Team] ,[Colour])VALUES ('负荷','GF06',90,'WE','#F9F900')
CREATE TABLE Sys_Trend --班组:稼动率趋势
(
	id int identity (1,1) primary KEY,
	Month_Day varchar(20)  NULL, --日期
	Device_Name varchar(50)  NULL,--设备名
	TrendRate FLOAT,--趋势数
	Team varchar(50)  NULL,  --班组
	CreationTime DATETIME not null default getdate(),--创建时间
	IsEffective int DEFAULT 1 -- 0 无效 1 有效 1显示
)
INSERT INTO [dbo].[Sys_Trend] ([Month_Day],[Device_Name],[TrendRate],[Team])VALUES ('2-28','GF01',95,'EDM')
INSERT INTO [dbo].[Sys_Trend] ([Month_Day],[Device_Name],[TrendRate],[Team])VALUES ('2-28','GF02',86.5,'EDM')
INSERT INTO [dbo].[Sys_Trend] ([Month_Day],[Device_Name],[TrendRate],[Team])VALUES ('2-28','GF03',24.1,'EDM')
INSERT INTO [dbo].[Sys_Trend] ([Month_Day],[Device_Name],[TrendRate],[Team])VALUES ('2-28','GF04',55.2,'EDM')
INSERT INTO [dbo].[Sys_Trend] ([Month_Day],[Device_Name],[TrendRate],[Team])VALUES ('2-29','GF01',95.8,'EDM')
INSERT INTO [dbo].[Sys_Trend] ([Month_Day],[Device_Name],[TrendRate],[Team])VALUES ('2-29','GF02',92.1,'EDM')
INSERT INTO [dbo].[Sys_Trend] ([Month_Day],[Device_Name],[TrendRate],[Team])VALUES ('2-29','GF03',67.2,'EDM')
INSERT INTO [dbo].[Sys_Trend] ([Month_Day],[Device_Name],[TrendRate],[Team])VALUES ('2-29','GF04',67.1,'EDM')
INSERT INTO [dbo].[Sys_Trend] ([Month_Day],[Device_Name],[TrendRate],[Team])VALUES ('3-1','GF01',94.2,'EDM')
INSERT INTO [dbo].[Sys_Trend] ([Month_Day],[Device_Name],[TrendRate],[Team])VALUES ('3-1','GF02',85.7,'EDM')
INSERT INTO [dbo].[Sys_Trend] ([Month_Day],[Device_Name],[TrendRate],[Team])VALUES ('3-1','GF03',79.5,'EDM')
INSERT INTO [dbo].[Sys_Trend] ([Month_Day],[Device_Name],[TrendRate],[Team])VALUES ('3-1','GF04',69.2,'EDM')
INSERT INTO [dbo].[Sys_Trend] ([Month_Day],[Device_Name],[TrendRate],[Team])VALUES ('3-2','GF01',93,'EDM')
INSERT INTO [dbo].[Sys_Trend] ([Month_Day],[Device_Name],[TrendRate],[Team])VALUES ('3-2','GF02',83.1,'EDM')
INSERT INTO [dbo].[Sys_Trend] ([Month_Day],[Device_Name],[TrendRate],[Team])VALUES ('3-2','GF03',84.6,'EDM')
INSERT INTO [dbo].[Sys_Trend] ([Month_Day],[Device_Name],[TrendRate],[Team])VALUES ('3-2','GF04',72.4,'EDM')
INSERT INTO [dbo].[Sys_Trend] ([Month_Day],[Device_Name],[TrendRate],[Team])VALUES ('3-3','GF01',92,'EDM')
INSERT INTO [dbo].[Sys_Trend] ([Month_Day],[Device_Name],[TrendRate],[Team])VALUES ('3-3','GF02',73.1,'EDM')
INSERT INTO [dbo].[Sys_Trend] ([Month_Day],[Device_Name],[TrendRate],[Team])VALUES ('3-3','GF03',65.2,'EDM')
INSERT INTO [dbo].[Sys_Trend] ([Month_Day],[Device_Name],[TrendRate],[Team])VALUES ('3-3','GF04',53.9,'EDM')
INSERT INTO [dbo].[Sys_Trend] ([Month_Day],[Device_Name],[TrendRate],[Team])VALUES ('3-5','GF01',91,'EDM')
INSERT INTO [dbo].[Sys_Trend] ([Month_Day],[Device_Name],[TrendRate],[Team])VALUES ('3-5','GF02',55.1,'EDM')
INSERT INTO [dbo].[Sys_Trend] ([Month_Day],[Device_Name],[TrendRate],[Team])VALUES ('3-5','GF03',82.5,'EDM')
INSERT INTO [dbo].[Sys_Trend] ([Month_Day],[Device_Name],[TrendRate],[Team])VALUES ('3-5','GF04',49.1,'EDM')

INSERT INTO [dbo].[Sys_Trend] ([Month_Day],[Device_Name],[TrendRate],[Team])VALUES ('2-28','GF01',88,'CNC')
INSERT INTO [dbo].[Sys_Trend] ([Month_Day],[Device_Name],[TrendRate],[Team])VALUES ('2-28','GF02',95,'CNC')
INSERT INTO [dbo].[Sys_Trend] ([Month_Day],[Device_Name],[TrendRate],[Team])VALUES ('2-28','GF03',86,'CNC')
INSERT INTO [dbo].[Sys_Trend] ([Month_Day],[Device_Name],[TrendRate],[Team])VALUES ('2-28','GF04',93,'CNC')
INSERT INTO [dbo].[Sys_Trend] ([Month_Day],[Device_Name],[TrendRate],[Team])VALUES ('2-29','GF01',89,'CNC')
INSERT INTO [dbo].[Sys_Trend] ([Month_Day],[Device_Name],[TrendRate],[Team])VALUES ('2-29','GF02',96,'CNC')
INSERT INTO [dbo].[Sys_Trend] ([Month_Day],[Device_Name],[TrendRate],[Team])VALUES ('2-29','GF03',92,'CNC')
INSERT INTO [dbo].[Sys_Trend] ([Month_Day],[Device_Name],[TrendRate],[Team])VALUES ('2-29','GF04',92,'CNC')
INSERT INTO [dbo].[Sys_Trend] ([Month_Day],[Device_Name],[TrendRate],[Team])VALUES ('3-1','GF01',85,'CNC')
INSERT INTO [dbo].[Sys_Trend] ([Month_Day],[Device_Name],[TrendRate],[Team])VALUES ('3-1','GF02',94,'CNC')
INSERT INTO [dbo].[Sys_Trend] ([Month_Day],[Device_Name],[TrendRate],[Team])VALUES ('3-1','GF03',84,'CNC')
INSERT INTO [dbo].[Sys_Trend] ([Month_Day],[Device_Name],[TrendRate],[Team])VALUES ('3-1','GF04',91,'CNC')
INSERT INTO [dbo].[Sys_Trend] ([Month_Day],[Device_Name],[TrendRate],[Team])VALUES ('3-2','GF01',86,'CNC')
INSERT INTO [dbo].[Sys_Trend] ([Month_Day],[Device_Name],[TrendRate],[Team])VALUES ('3-2','GF02',85,'CNC')
INSERT INTO [dbo].[Sys_Trend] ([Month_Day],[Device_Name],[TrendRate],[Team])VALUES ('3-2','GF03',88,'CNC')
INSERT INTO [dbo].[Sys_Trend] ([Month_Day],[Device_Name],[TrendRate],[Team])VALUES ('3-2','GF04',85,'CNC')
INSERT INTO [dbo].[Sys_Trend] ([Month_Day],[Device_Name],[TrendRate],[Team])VALUES ('3-3','GF01',87,'CNC')
INSERT INTO [dbo].[Sys_Trend] ([Month_Day],[Device_Name],[TrendRate],[Team])VALUES ('3-3','GF02',88,'CNC')
INSERT INTO [dbo].[Sys_Trend] ([Month_Day],[Device_Name],[TrendRate],[Team])VALUES ('3-3','GF03',89,'CNC')
INSERT INTO [dbo].[Sys_Trend] ([Month_Day],[Device_Name],[TrendRate],[Team])VALUES ('3-3','GF04',84,'CNC')
INSERT INTO [dbo].[Sys_Trend] ([Month_Day],[Device_Name],[TrendRate],[Team])VALUES ('3-5','GF01',89,'CNC')
INSERT INTO [dbo].[Sys_Trend] ([Month_Day],[Device_Name],[TrendRate],[Team])VALUES ('3-5','GF02',89,'CNC')
INSERT INTO [dbo].[Sys_Trend] ([Month_Day],[Device_Name],[TrendRate],[Team])VALUES ('3-5','GF03',85,'CNC')
INSERT INTO [dbo].[Sys_Trend] ([Month_Day],[Device_Name],[TrendRate],[Team])VALUES ('3-5','GF04',83,'CNC')

INSERT INTO [dbo].[Sys_Trend] ([Month_Day],[Device_Name],[TrendRate],[Team])VALUES ('2-28','GF01',86,'WE')
INSERT INTO [dbo].[Sys_Trend] ([Month_Day],[Device_Name],[TrendRate],[Team])VALUES ('2-28','GF02',85,'WE')
INSERT INTO [dbo].[Sys_Trend] ([Month_Day],[Device_Name],[TrendRate],[Team])VALUES ('2-28','GF03',88,'WE')
INSERT INTO [dbo].[Sys_Trend] ([Month_Day],[Device_Name],[TrendRate],[Team])VALUES ('2-28','GF04',85,'WE')
INSERT INTO [dbo].[Sys_Trend] ([Month_Day],[Device_Name],[TrendRate],[Team])VALUES ('3-1','GF01',87,'WE')
INSERT INTO [dbo].[Sys_Trend] ([Month_Day],[Device_Name],[TrendRate],[Team])VALUES ('3-1','GF02',88,'WE')
INSERT INTO [dbo].[Sys_Trend] ([Month_Day],[Device_Name],[TrendRate],[Team])VALUES ('3-1','GF03',88,'WE')
INSERT INTO [dbo].[Sys_Trend] ([Month_Day],[Device_Name],[TrendRate],[Team])VALUES ('3-1','GF04',84,'WE')
INSERT INTO [dbo].[Sys_Trend] ([Month_Day],[Device_Name],[TrendRate],[Team])VALUES ('3-2','GF01',89,'WE')
INSERT INTO [dbo].[Sys_Trend] ([Month_Day],[Device_Name],[TrendRate],[Team])VALUES ('3-2','GF02',89,'WE')
INSERT INTO [dbo].[Sys_Trend] ([Month_Day],[Device_Name],[TrendRate],[Team])VALUES ('3-2','GF03',89,'WE')
INSERT INTO [dbo].[Sys_Trend] ([Month_Day],[Device_Name],[TrendRate],[Team])VALUES ('3-2','GF04',83,'WE')
INSERT INTO [dbo].[Sys_Trend] ([Month_Day],[Device_Name],[TrendRate],[Team])VALUES ('3-3','GF01',96,'WE')
INSERT INTO [dbo].[Sys_Trend] ([Month_Day],[Device_Name],[TrendRate],[Team])VALUES ('3-3','GF02',89,'WE')
INSERT INTO [dbo].[Sys_Trend] ([Month_Day],[Device_Name],[TrendRate],[Team])VALUES ('3-3','GF03',85,'WE')
INSERT INTO [dbo].[Sys_Trend] ([Month_Day],[Device_Name],[TrendRate],[Team])VALUES ('3-3','GF04',93,'WE')
INSERT INTO [dbo].[Sys_Trend] ([Month_Day],[Device_Name],[TrendRate],[Team])VALUES ('3-4','GF01',94,'WE')
INSERT INTO [dbo].[Sys_Trend] ([Month_Day],[Device_Name],[TrendRate],[Team])VALUES ('3-4','GF02',85,'WE')
INSERT INTO [dbo].[Sys_Trend] ([Month_Day],[Device_Name],[TrendRate],[Team])VALUES ('3-4','GF03',87,'WE')
INSERT INTO [dbo].[Sys_Trend] ([Month_Day],[Device_Name],[TrendRate],[Team])VALUES ('3-4','GF04',92,'WE')
INSERT INTO [dbo].[Sys_Trend] ([Month_Day],[Device_Name],[TrendRate],[Team])VALUES ('3-5','GF01',84,'WE')
INSERT INTO [dbo].[Sys_Trend] ([Month_Day],[Device_Name],[TrendRate],[Team])VALUES ('3-5','GF02',91,'WE')
INSERT INTO [dbo].[Sys_Trend] ([Month_Day],[Device_Name],[TrendRate],[Team])VALUES ('3-5','GF03',89,'WE')
INSERT INTO [dbo].[Sys_Trend] ([Month_Day],[Device_Name],[TrendRate],[Team])VALUES ('3-5','GF04',91,'WE')
SELECT * FROM	[Sys_Trend]  ORDER BY Device_Name


CREATE table Sys_RunningState  --运行状态，一次展示1条数据。
(  
id int identity (1,1) primary key , 
Picture_Tip varchar(50)  NULL, --图片内容描述不展示
Picture_Url varchar(50)  NULL, --图片URL
Describe1 varchar(200)  NULL,--文本描述1
DescribeColor1 varchar(10)  NULL,--文本描述颜色1
Describe2 varchar(200)  NULL,--文本描述2
DescribeColor2 varchar(10)  NULL,--文本描述颜色2
Describe3 varchar(200)  NULL,--文本描述3
DescribeColor3 varchar(10)  NULL,--文本描述颜色3
Describe4 varchar(200)  NULL,--文本描述4
DescribeColor4 varchar(10)  NULL,--文本描述颜色4
Describe5 varchar(200)  NULL,--文本描述5
DescribeColor5 varchar(10)  NULL,--文本描述颜色5
Describe6 varchar(200)  NULL,--文本描述6
DescribeColor6 varchar(10)  NULL,--文本描述颜色6
Describe7 varchar(200)  NULL,--文本描述6
DescribeColor7 varchar(100)  NULL,--文本描述颜色6
Describe8 varchar(200)  NULL,--文本描述6
DescribeColor8 varchar(100)  NULL,--文本描述颜色6
CreationTime DATETIME not null default getdate(),--创建时间
IsEffective int DEFAULT 1 -- 0 无效 1 有效 1显示
)  
INSERT dbo.Sys_RunningState(Picture_Tip,Picture_Url,Describe1,DescribeColor1,Describe2,DescribeColor2,Describe3,DescribeColor3,Describe4,DescribeColor4 ,
          Describe5,DescribeColor5,Describe6,DescribeColor6)
VALUES  ( '测试显示','/Content/img/product/runningstate/01.png','CNC1号机<br>正在上料<br>IK-201-001-F1','#FF0000', 
          'CNC2号机<br>正在上料<br>IK-201-001-F1','#FFCC00','CNC3号机<br>正在加工<br>IK-201-001-F1','#33CC99',
          'CMM<br>IK-201-001-F2<br>检测合格','#33CC99','CMM<br>IK-201-001-F2<br>检测合格11','#6633FF', 
		  'CMM<br>IK-201-001-F2<br>检测合格22','#0000FF')
-- 数据格式 Describe5/Describe6:30;40;50;10
	

CREATE TABLE Sys_DataAcquisition --数据采集 一次展示4条数据。
(
	id int identity (1,1) primary KEY,
	DeviceName varchar(50)  NULL,--设备名
	DeviceRunStatus varchar(50) NULL,--设备运行状态
	DeviceUrl varchar(50)  NULL,  --设备Url
	DeviceLndicatorLight varchar(50)  NULL,  --设备指示灯(只有固定red/yellow/green三种颜色否则灯不亮)
	TodayOutput INT, --今日产量
	TodayJiadong FLOAT,--今日稼动率
	SpindleSpeed INT, --主轴转速
	FeedSpeed INT,--进给速度
	SpindleRatio INT, -- 主轴倍率
	FeedRatio INT, --进给倍率
	LoadRatio INT, --负载
	CreationTime DATETIME not null default getdate(),--创建时间
	IsEffective int DEFAULT 1 -- 0 无效 1 有效 1显示
)

INSERT INTO [dbo].[Sys_DataAcquisition]([DeviceName],[DeviceRunStatus],[DeviceUrl],[DeviceLndicatorLight],[TodayOutput],[TodayJiadong],[SpindleSpeed],[FeedSpeed],[SpindleRatio],[FeedRatio],[LoadRatio])
VALUES('CNC1发那科','运行中','/Content/img/product/collection/cnc1.png','green',10,48.3,9790,110,100,70,6)
INSERT INTO [dbo].[Sys_DataAcquisition]([DeviceName],[DeviceRunStatus],[DeviceUrl],[DeviceLndicatorLight],[TodayOutput],[TodayJiadong],[SpindleSpeed],[FeedSpeed],[SpindleRatio],[FeedRatio],[LoadRatio])
VALUES('CNC3米克朗P900','运行中','/Content/img/product/collection/cnc1.png','yellow',22,39.8,7800,1550,100,60,0)
INSERT INTO [dbo].[Sys_DataAcquisition]([DeviceName],[DeviceRunStatus],[DeviceUrl],[DeviceLndicatorLight],[TodayOutput],[TodayJiadong],[SpindleSpeed],[FeedSpeed],[SpindleRatio],[FeedRatio],[LoadRatio])
VALUES('CNC4米克朗P700','运行中','/Content/img/product/collection/cnc1.png','red',0,0.0,9750,1000,100,40,10)
INSERT INTO [dbo].[Sys_DataAcquisition]([DeviceName],[DeviceRunStatus],[DeviceUrl],[DeviceLndicatorLight],[TodayOutput],[TodayJiadong],[SpindleSpeed],[FeedSpeed],[SpindleRatio],[FeedRatio],[LoadRatio])
VALUES('CNC5发那科','运行中','/Content/img/product/collection/cnc1.png','green',10,48.3,9790,110,100,70,6)

CREATE TABLE Sys_DataAcquisitionDetail --数据采集(刷新频率较高)
(
	id int identity (1,1) primary KEY,
	RunTime DATETIME, --回放时间
	DeviceName varchar(50)  NULL,--设备名
	SpindleSpeed INT, --主轴转速
	FeedSpeed INT,--进给速度
	SpindleRatio INT, -- 主轴倍率
	FeedRatio INT, --进给倍率
	LoadRatio INT, --负载
	CreationTime DATETIME not null default getdate(),--创建时间
	IsEffective int DEFAULT 1 -- 0 无效 1 有效 1显示
)


CREATE TABLE Sys_TotalCycleCost --经营概览:周期总生产成本（经理主页）
(
	id int identity (1,1) primary KEY,
	Name varchar(50)  NULL,--物品
	Cost FLOAT , --成本
	TotalCost FLOAT,--总成本(值保持一致，读取其中一个)
	PrType INT , --下拉框类型(一周:1、两周:2、三周:3、一个月:4、半年:5、一年:6)--忽略
	AcctDate DATE,--数据日期
	CreationTime DATETIME not null default getdate(),--创建时间
	IsEffective int DEFAULT 1 -- 0 无效 1 有效 1显示
)
INSERT dbo.Sys_TotalCycleCost(Name,Cost,TotalCost,PrType)VALUES  ('物料',27,266.36,1,GETDATE())
INSERT dbo.Sys_TotalCycleCost(Name,Cost,TotalCost,PrType)VALUES  ('外协',18,266.36,1,GETDATE())
INSERT dbo.Sys_TotalCycleCost(Name,Cost,TotalCost,PrType)VALUES  ('自制',53,266.36,1,GETDATE())
INSERT dbo.Sys_TotalCycleCost(Name,Cost,TotalCost,PrType)VALUES  ('异常',2,266.36,1,GETDATE())

INSERT dbo.Sys_TotalCycleCost(Name,Cost,TotalCost,PrType)VALUES  ('物料',25,100.36,2,GETDATE())
INSERT dbo.Sys_TotalCycleCost(Name,Cost,TotalCost,PrType)VALUES  ('外协',25,100.36,2,GETDATE())
INSERT dbo.Sys_TotalCycleCost(Name,Cost,TotalCost,PrType)VALUES  ('自制',25,100.36,2,GETDATE())
INSERT dbo.Sys_TotalCycleCost(Name,Cost,TotalCost,PrType)VALUES  ('异常',25,100.36,2,GETDATE())


CREATE TABLE Sys_CostByDepartment --经营概览:自制成本按部门分类（经理主页）
(
	id int identity (1,1) primary KEY,
	Name varchar(50)  NULL,--物品
	Cost FLOAT  , --成本
	PrType INT , --下拉框类型(一周:1、两周:2、三周:3、一个月:4、半年:5、一年:6)--忽略
	AcctDate DATE,--数据日期
	CreationTime DATETIME not null default getdate(),--创建时间
	IsEffective int DEFAULT 1 -- 0 无效 1 有效 1显示
)
INSERT dbo.Sys_CostByDepartment(Name,Cost,PrType,AcctDate)VALUES  ('CNC',23,1,GETDATE())
INSERT dbo.Sys_CostByDepartment(Name,Cost,PrType,AcctDate)VALUES  ('EDM',26,1,GETDATE())
INSERT dbo.Sys_CostByDepartment(Name,Cost,PrType,AcctDate)VALUES  ('WEDM',17,1,GETDATE())
INSERT dbo.Sys_CostByDepartment(Name,Cost,PrType,AcctDate)VALUES  ('车铣磨抛',34,1,GETDATE())

INSERT dbo.Sys_CostByDepartment(Name,Cost,PrType,AcctDate)VALUES  ('CNC',25,2,GETDATE())
INSERT dbo.Sys_CostByDepartment(Name,Cost,PrType,AcctDate)VALUES  ('EDM',25,2,GETDATE())
INSERT dbo.Sys_CostByDepartment(Name,Cost,PrType,AcctDate)VALUES  ('WEDM',25,2,GETDATE())
INSERT dbo.Sys_CostByDepartment(Name,Cost,PrType,AcctDate)VALUES  ('车铣磨抛',25,2,GETDATE())

CREATE TABLE Sys_DeliveryCompletionRate --经营概览:交期达成率趋势
(
	id int identity (1,1) primary KEY,
	Month varchar(50)  NULL,--月
	DeliveryRate FLOAT , --交付率
	CreationTime DATETIME not null default getdate(),--创建时间
	IsEffective int DEFAULT 1 -- 0 无效 1 有效 1显示
)

INSERT INTO Sys_DeliveryCompletionRate(Month,DeliveryRate)VALUES(1,80)
INSERT INTO Sys_DeliveryCompletionRate(Month,DeliveryRate)VALUES(2,76)
INSERT INTO Sys_DeliveryCompletionRate(Month,DeliveryRate)VALUES(3,86)
INSERT INTO Sys_DeliveryCompletionRate(Month,DeliveryRate)VALUES(4,96)
INSERT INTO Sys_DeliveryCompletionRate(Month,DeliveryRate)VALUES(5,92)
INSERT INTO Sys_DeliveryCompletionRate(Month,DeliveryRate)VALUES(6,99)
INSERT INTO Sys_DeliveryCompletionRate(Month,DeliveryRate)VALUES(7,88)
INSERT INTO Sys_DeliveryCompletionRate(Month,DeliveryRate)VALUES(8,90)
INSERT INTO Sys_DeliveryCompletionRate(Month,DeliveryRate)VALUES(9,95)
INSERT INTO Sys_DeliveryCompletionRate(Month,DeliveryRate)VALUES(10,80)
INSERT INTO Sys_DeliveryCompletionRate(Month,DeliveryRate)VALUES(11,95)
INSERT INTO Sys_DeliveryCompletionRate(Month,DeliveryRate)VALUES(12,88)

CREATE table Sys_MoldMakingProgress  --经营概览:制模具进度
(  
id int identity (1,1) primary key , 
MoldNo varchar(50)  NULL, --模具编号
MoldTest  varchar(50)  NULL,--试模
Type varchar(50)  NULL,--类型
State varchar(50)  NULL,--状态
ProductName varchar(50)  NULL,--产品名称
PlannedDeliveryDate DATE, --计划交期
EarlyWarning VARCHAR(20),--预警 显示3个值，用;来分割数据。
EarlyWarningColor VARCHAR(10),--预警颜色
IsEffective int DEFAULT 1 -- 0 无效 1 有效 1显示
) 

INSERT INTO dbo.Sys_MoldMakingProgress(MoldNo,MoldTest,Type,State,ProductName,PlannedDeliveryDate,EarlyWarning,EarlyWarningColor)VALUES  ( 'IK19001','T0','新模','加工中','后盖',GETDATE(),20,'#009933')
INSERT INTO dbo.Sys_MoldMakingProgress(MoldNo,MoldTest,Type,State,ProductName,PlannedDeliveryDate,EarlyWarning,EarlyWarningColor)VALUES  ( 'IK19002','T1','修模','加工中','前盖',GETDATE(),40,'#990000')
INSERT INTO dbo.Sys_MoldMakingProgress(MoldNo,MoldTest,Type,State,ProductName,PlannedDeliveryDate,EarlyWarning,EarlyWarningColor)VALUES  ( 'IK19003','T2','新模','加工中','外壳',GETDATE(),60,'#FF0033')
INSERT INTO dbo.Sys_MoldMakingProgress(MoldNo,MoldTest,Type,State,ProductName,PlannedDeliveryDate,EarlyWarning,EarlyWarningColor)VALUES  ( 'IK19004','T3','修模','加工中','侧边',GETDATE(),80,'#CCFF33')
INSERT INTO dbo.Sys_MoldMakingProgress(MoldNo,MoldTest,Type,State,ProductName,PlannedDeliveryDate,EarlyWarning,EarlyWarningColor)VALUES  ( 'IK19005','T4','新模','加工中','边框',GETDATE(),100,'#FF00FF')
INSERT INTO dbo.Sys_MoldMakingProgress(MoldNo,MoldTest,Type,State,ProductName,PlannedDeliveryDate,EarlyWarning,EarlyWarningColor)VALUES  ( 'IK19006','T5','修模','加工中','后盖',GETDATE(),0,'#6600FF')
INSERT INTO dbo.Sys_MoldMakingProgress(MoldNo,MoldTest,Type,State,ProductName,PlannedDeliveryDate,EarlyWarning,EarlyWarningColor)VALUES  ( 'IK19007','T6','新模','加工中','前盖',GETDATE(),50,'#0033FF')

CREATE TABLE Sys_BOCapacityLoad --经营概览:产能/负载
(
	id int identity (1,1) primary KEY,
	DeviceType varchar(50)  NULL, --设备类型
	DeviceName varchar(50)  NULL,--设备名
	Number INT,--数据
	PrType INT, --下拉框类型(一周:1、两周:2、三周:3、一个月:4、半年:5、一年:6)
	CreationTime DATETIME not null default getdate(),--创建时间
	IsEffective int DEFAULT 1 -- 0 无效 1 有效 1显示
)

INSERT INTO dbo.Sys_BOCapacityLoad(DeviceType,DeviceName,Number,PrType)VALUES  ('CNC','产能',95,1)
INSERT INTO dbo.Sys_BOCapacityLoad(DeviceType,DeviceName,Number,PrType)VALUES  ('CNC','产能缺口',22,1)
INSERT INTO dbo.Sys_BOCapacityLoad(DeviceType,DeviceName,Number,PrType)VALUES  ('CNC','负荷',117,1)
INSERT INTO dbo.Sys_BOCapacityLoad(DeviceType,DeviceName,Number,PrType)VALUES  ('EDM','产能',88,1)
INSERT INTO dbo.Sys_BOCapacityLoad(DeviceType,DeviceName,Number,PrType)VALUES  ('EDM','产能缺口',50,1)
INSERT INTO dbo.Sys_BOCapacityLoad(DeviceType,DeviceName,Number,PrType)VALUES  ('EDM','负荷',138,1)
INSERT INTO dbo.Sys_BOCapacityLoad(DeviceType,DeviceName,Number,PrType)VALUES  ('WEDM','产能',50,1)
INSERT INTO dbo.Sys_BOCapacityLoad(DeviceType,DeviceName,Number,PrType)VALUES  ('WEDM','产能缺口',0,1)
INSERT INTO dbo.Sys_BOCapacityLoad(DeviceType,DeviceName,Number,PrType)VALUES  ('WEDM','负荷',30,1)
INSERT INTO dbo.Sys_BOCapacityLoad(DeviceType,DeviceName,Number,PrType)VALUES  ('磨床','产能',30,1)
INSERT INTO dbo.Sys_BOCapacityLoad(DeviceType,DeviceName,Number,PrType)VALUES  ('磨床','产能缺口',0,1)
INSERT INTO dbo.Sys_BOCapacityLoad(DeviceType,DeviceName,Number,PrType)VALUES  ('磨床','负荷',25,1)

INSERT INTO dbo.Sys_BOCapacityLoad(DeviceType,DeviceName,Number,PrType)VALUES  ('CNC','产能',10,2)
INSERT INTO dbo.Sys_BOCapacityLoad(DeviceType,DeviceName,Number,PrType)VALUES  ('CNC','产能缺口',20,2)
INSERT INTO dbo.Sys_BOCapacityLoad(DeviceType,DeviceName,Number,PrType)VALUES  ('CNC','负荷',30,2)
INSERT INTO dbo.Sys_BOCapacityLoad(DeviceType,DeviceName,Number,PrType)VALUES  ('EDM','产能',20,2)
INSERT INTO dbo.Sys_BOCapacityLoad(DeviceType,DeviceName,Number,PrType)VALUES  ('EDM','产能缺口',30,2)
INSERT INTO dbo.Sys_BOCapacityLoad(DeviceType,DeviceName,Number,PrType)VALUES  ('EDM','负荷',40,2)
INSERT INTO dbo.Sys_BOCapacityLoad(DeviceType,DeviceName,Number,PrType)VALUES  ('WEDM','产能',40,2)
INSERT INTO dbo.Sys_BOCapacityLoad(DeviceType,DeviceName,Number,PrType)VALUES  ('WEDM','产能缺口',50,2)
INSERT INTO dbo.Sys_BOCapacityLoad(DeviceType,DeviceName,Number,PrType)VALUES  ('WEDM','负荷',60,2)
INSERT INTO dbo.Sys_BOCapacityLoad(DeviceType,DeviceName,Number,PrType)VALUES  ('磨床','产能',80,2)
INSERT INTO dbo.Sys_BOCapacityLoad(DeviceType,DeviceName,Number,PrType)VALUES  ('磨床','产能缺口',90,2)
INSERT INTO dbo.Sys_BOCapacityLoad(DeviceType,DeviceName,Number,PrType)VALUES  ('磨床','负荷',1,2)

CREATE TABLE Sys_MoldProportion --经营概览:新摸修模比例
(
	id int identity (1,1) primary KEY,
	Name varchar(50)  NULL,--客户名称
	Number INT , --数量
	CreationTime DATETIME not null default getdate(),--创建时间
	IsEffective int DEFAULT 1 -- 0 无效 1 有效 1显示
)
INSERT dbo.Sys_MoldProportion(Name,Number)VALUES  ('新模',7)
INSERT dbo.Sys_MoldProportion(Name,Number)VALUES  ('修模',3) 

CREATE TABLE Sys_ElectrodeQualifiedRate --经营概览:钢件及电极合格率
(
	id int identity (1,1) primary KEY,
	MonthDay varchar(20)  NULL, --月
	DeviceName varchar(50)  NULL,--设备名
	TrendRate FLOAT,--趋势数
	CreationTime DATETIME not null default getdate(),--创建时间
	IsEffective int DEFAULT 1 -- 0 无效 1 有效 1显示
)
INSERT INTO [dbo].Sys_ElectrodeQualifiedRate (MonthDay,DeviceName,[TrendRate])VALUES ('1','电极',89)
INSERT INTO [dbo].Sys_ElectrodeQualifiedRate (MonthDay,DeviceName,[TrendRate])VALUES ('2','电极',92)
INSERT INTO [dbo].Sys_ElectrodeQualifiedRate (MonthDay,DeviceName,[TrendRate])VALUES ('3','电极',95)
INSERT INTO [dbo].Sys_ElectrodeQualifiedRate (MonthDay,DeviceName,[TrendRate])VALUES ('4','电极',85)
INSERT INTO [dbo].Sys_ElectrodeQualifiedRate (MonthDay,DeviceName,[TrendRate])VALUES ('5','电极',91)
INSERT INTO [dbo].Sys_ElectrodeQualifiedRate (MonthDay,DeviceName,[TrendRate])VALUES ('6','电极',94)
INSERT INTO [dbo].Sys_ElectrodeQualifiedRate (MonthDay,DeviceName,[TrendRate])VALUES ('7','电极',98)
INSERT INTO [dbo].Sys_ElectrodeQualifiedRate (MonthDay,DeviceName,[TrendRate])VALUES ('8','电极',83)
INSERT INTO [dbo].Sys_ElectrodeQualifiedRate (MonthDay,DeviceName,[TrendRate])VALUES ('9','电极',92)
INSERT INTO [dbo].Sys_ElectrodeQualifiedRate (MonthDay,DeviceName,[TrendRate])VALUES ('10','电极',95)
INSERT INTO [dbo].Sys_ElectrodeQualifiedRate (MonthDay,DeviceName,[TrendRate])VALUES ('11','电极',85)
INSERT INTO [dbo].Sys_ElectrodeQualifiedRate (MonthDay,DeviceName,[TrendRate])VALUES ('12','电极',91)
INSERT INTO [dbo].Sys_ElectrodeQualifiedRate (MonthDay,DeviceName,[TrendRate])VALUES ('13','电极',94)
INSERT INTO [dbo].Sys_ElectrodeQualifiedRate (MonthDay,DeviceName,[TrendRate])VALUES ('14','电极',98)
INSERT INTO [dbo].Sys_ElectrodeQualifiedRate (MonthDay,DeviceName,[TrendRate])VALUES ('15','电极',83)
INSERT INTO [dbo].Sys_ElectrodeQualifiedRate (MonthDay,DeviceName,[TrendRate])VALUES ('1','钢件',55)
INSERT INTO [dbo].Sys_ElectrodeQualifiedRate (MonthDay,DeviceName,[TrendRate])VALUES ('2','钢件',66)
INSERT INTO [dbo].Sys_ElectrodeQualifiedRate (MonthDay,DeviceName,[TrendRate])VALUES ('3','钢件',77)
INSERT INTO [dbo].Sys_ElectrodeQualifiedRate (MonthDay,DeviceName,[TrendRate])VALUES ('4','钢件',88)
INSERT INTO [dbo].Sys_ElectrodeQualifiedRate (MonthDay,DeviceName,[TrendRate])VALUES ('5','钢件',68)
INSERT INTO [dbo].Sys_ElectrodeQualifiedRate (MonthDay,DeviceName,[TrendRate])VALUES ('6','钢件',87)
INSERT INTO [dbo].Sys_ElectrodeQualifiedRate (MonthDay,DeviceName,[TrendRate])VALUES ('7','钢件',45)
INSERT INTO [dbo].Sys_ElectrodeQualifiedRate (MonthDay,DeviceName,[TrendRate])VALUES ('8','钢件',98)
INSERT INTO [dbo].Sys_ElectrodeQualifiedRate (MonthDay,DeviceName,[TrendRate])VALUES ('9','钢件',36)
INSERT INTO [dbo].Sys_ElectrodeQualifiedRate (MonthDay,DeviceName,[TrendRate])VALUES ('10','钢件',86)
INSERT INTO [dbo].Sys_ElectrodeQualifiedRate (MonthDay,DeviceName,[TrendRate])VALUES ('11','钢件',75)
INSERT INTO [dbo].Sys_ElectrodeQualifiedRate (MonthDay,DeviceName,[TrendRate])VALUES ('12','钢件',82)
INSERT INTO [dbo].Sys_ElectrodeQualifiedRate (MonthDay,DeviceName,[TrendRate])VALUES ('13','钢件',19)
INSERT INTO [dbo].Sys_ElectrodeQualifiedRate (MonthDay,DeviceName,[TrendRate])VALUES ('14','钢件',83)
INSERT INTO [dbo].Sys_ElectrodeQualifiedRate (MonthDay,DeviceName,[TrendRate])VALUES ('15','钢件',77)
INSERT INTO [dbo].Sys_ElectrodeQualifiedRate (MonthDay,DeviceName,[TrendRate])VALUES ('1','外协',85)
INSERT INTO [dbo].Sys_ElectrodeQualifiedRate (MonthDay,DeviceName,[TrendRate])VALUES ('2','外协',78)
INSERT INTO [dbo].Sys_ElectrodeQualifiedRate (MonthDay,DeviceName,[TrendRate])VALUES ('3','外协',88)
INSERT INTO [dbo].Sys_ElectrodeQualifiedRate (MonthDay,DeviceName,[TrendRate])VALUES ('4','外协',77)
INSERT INTO [dbo].Sys_ElectrodeQualifiedRate (MonthDay,DeviceName,[TrendRate])VALUES ('5','外协',66)
INSERT INTO [dbo].Sys_ElectrodeQualifiedRate (MonthDay,DeviceName,[TrendRate])VALUES ('6','外协',55)
INSERT INTO [dbo].Sys_ElectrodeQualifiedRate (MonthDay,DeviceName,[TrendRate])VALUES ('7','外协',44)
INSERT INTO [dbo].Sys_ElectrodeQualifiedRate (MonthDay,DeviceName,[TrendRate])VALUES ('8','外协',87)
INSERT INTO [dbo].Sys_ElectrodeQualifiedRate (MonthDay,DeviceName,[TrendRate])VALUES ('9','外协',82)
INSERT INTO [dbo].Sys_ElectrodeQualifiedRate (MonthDay,DeviceName,[TrendRate])VALUES ('10','外协',83)
INSERT INTO [dbo].Sys_ElectrodeQualifiedRate (MonthDay,DeviceName,[TrendRate])VALUES ('11','外协',68)
INSERT INTO [dbo].Sys_ElectrodeQualifiedRate (MonthDay,DeviceName,[TrendRate])VALUES ('12','外协',92)
INSERT INTO [dbo].Sys_ElectrodeQualifiedRate (MonthDay,DeviceName,[TrendRate])VALUES ('13','外协',81)
INSERT INTO [dbo].Sys_ElectrodeQualifiedRate (MonthDay,DeviceName,[TrendRate])VALUES ('14','外协',77)
INSERT INTO [dbo].Sys_ElectrodeQualifiedRate (MonthDay,DeviceName,[TrendRate])VALUES ('15','外协',80)

CREATE TABLE Sys_DepartmentQualifiedRate --经营概览:各部门合格率
(
	id int identity (1,1) primary KEY,
	DeviceType varchar(50)  NULL, --设备类型
	DeviceName varchar(50)  NULL,--设备名
	Number INT,--数据
	CreationTime DATETIME not null default getdate(),--创建时间
	IsEffective int DEFAULT 1 -- 0 无效 1 有效 1显示
)
INSERT INTO dbo.Sys_DepartmentQualifiedRate(DeviceType,DeviceName,Number)VALUES  ('CNC','合格率',95)
INSERT INTO dbo.Sys_DepartmentQualifiedRate(DeviceType,DeviceName,Number)VALUES  ('EDM','合格率',89)
INSERT INTO dbo.Sys_DepartmentQualifiedRate(DeviceType,DeviceName,Number)VALUES  ('WEDM','合格率',79)
INSERT INTO dbo.Sys_DepartmentQualifiedRate(DeviceType,DeviceName,Number)VALUES  ('车铣磨床','合格率',99)

CREATE TABLE Sys_KeyCustomers --经营概览:主要客户
(
	id int identity (1,1) primary KEY,
	Name varchar(50)  NULL,--客户名称
	Number INT , --数量
	CreationTime DATETIME not null default getdate(),--创建时间
	IsEffective int DEFAULT 1 -- 0 无效 1 有效 1显示
)
INSERT dbo.Sys_KeyCustomers(Name,Number)VALUES  ('TK',20)
INSERT dbo.Sys_KeyCustomers(Name,Number)VALUES  ('TP-Link',40) 
INSERT dbo.Sys_KeyCustomers(Name,Number)VALUES  ('LOGITEC',40)
INSERT dbo.Sys_KeyCustomers(Name,Number)VALUES  ('ThinkPad',55)
INSERT dbo.Sys_KeyCustomers(Name,Number)VALUES  ('YG',10)
INSERT dbo.Sys_KeyCustomers(Name,Number)VALUES  ('Apple',70)

CREATE TABLE Sys_UserEngineering --工程主页:员工工程表
(
	id int identity (1,1) primary KEY,
	Account varchar(50)  NULL,--关联Sys_User.F_Account
	CustomerAmount INT,--负责客户数量
	CustomerAmountColor VARCHAR(10),
    DeliveryCompletionRate INT,-- 交期达成率(月)
	DeliveryCompletionRateColor VARCHAR(10),
	OnTimeDeliveryMold INT,--按期交付模具(月)
	OnTimeDeliveryMoldColor VARCHAR(10),
	LateDeliveryMold INT,--延期交付模具(月)
	LateDeliveryMoldColor VARCHAR(10),
	MoldInProcess INT, --在制模具
	MoldInProcessColor VARCHAR(10),
	NormalProgress INT,--正常进度
	NormalProgressColor VARCHAR(10),
	ScheduleDelay INT,--进度延误
	ScheduleDelayColor VARCHAR(10),
	IsManage BIT , --0为员工，1为经理
	CreationTime DATETIME not null default getdate(),--创建时间
	IsEffective int DEFAULT 1 -- 0 无效 1 有效 1显示
)
INSERT INTO Sys_UserEngineering(Account,CustomerAmount,CustomerAmountColor,DeliveryCompletionRate,DeliveryCompletionRateColor,OnTimeDeliveryMold,OnTimeDeliveryMoldColor,LateDeliveryMold,LateDeliveryMoldColor,MoldInProcess,MoldInProcessColor,NormalProgress,NormalProgressColor,ScheduleDelay,ScheduleDelayColor,IsManage)VALUES
('88',5,'#0ce7ff',89,'#0ce7ff',9,'#0ce7ff',2,'#0ce7ff',10,'#0ce7ff',7,'#0ce7ff',3,'#0ce7ff',1)
INSERT INTO Sys_UserEngineering(Account,CustomerAmount,CustomerAmountColor,DeliveryCompletionRate,DeliveryCompletionRateColor,OnTimeDeliveryMold,OnTimeDeliveryMoldColor,LateDeliveryMold,LateDeliveryMoldColor,MoldInProcess,MoldInProcessColor,NormalProgress,NormalProgressColor,ScheduleDelay,ScheduleDelayColor,IsManage)VALUES
('admin',20,'#0ce7ff',89,'#0ce7ff',9,'#0ce7ff',2,'#0ce7ff',10,'#0ce7ff',7,'#0ce7ff',3,'#0ce7ff',0)

CREATE TABLE Sys_EHDeliveryCompletionRate --工程主页:交期达成率趋势
(
	id int identity (1,1) primary KEY,
	Month varchar(50)  NULL,--月
	DeliveryRate INT , --交付率
	CreationTime DATETIME not null default getdate(),--创建时间
	IsEffective int DEFAULT 1 -- 0 无效 1 有效 1显示
)
INSERT INTO Sys_EHDeliveryCompletionRate(Month,DeliveryRate)VALUES(1,80)
INSERT INTO Sys_EHDeliveryCompletionRate(Month,DeliveryRate)VALUES(2,76)
INSERT INTO Sys_EHDeliveryCompletionRate(Month,DeliveryRate)VALUES(3,86)
INSERT INTO Sys_EHDeliveryCompletionRate(Month,DeliveryRate)VALUES(4,96)
INSERT INTO Sys_EHDeliveryCompletionRate(Month,DeliveryRate)VALUES(5,92)
INSERT INTO Sys_EHDeliveryCompletionRate(Month,DeliveryRate)VALUES(6,99)
INSERT INTO Sys_EHDeliveryCompletionRate(Month,DeliveryRate)VALUES(7,88)
INSERT INTO Sys_EHDeliveryCompletionRate(Month,DeliveryRate)VALUES(8,90)
INSERT INTO Sys_EHDeliveryCompletionRate(Month,DeliveryRate)VALUES(9,95)
INSERT INTO Sys_EHDeliveryCompletionRate(Month,DeliveryRate)VALUES(10,80)
INSERT INTO Sys_EHDeliveryCompletionRate(Month,DeliveryRate)VALUES(11,95)
INSERT INTO Sys_EHDeliveryCompletionRate(Month,DeliveryRate)VALUES(12,88)

CREATE TABLE Sys_EHNumberMoldsDelivered --工程主页:上月交付模具数量
(
	id int identity (1,1) primary KEY,
	Type varchar(50)  NULL,--(按期/延期)
	Number INT , --数量
	CreationTime DATETIME not null default getdate(),--创建时间
	IsEffective int DEFAULT 1 -- 0 无效 1 有效 1显示
)
INSERT INTO Sys_EHNumberMoldsDelivered(Type,Number)VALUES('按期',80)
INSERT INTO Sys_EHNumberMoldsDelivered(Type,Number)VALUES('延期',20)

CREATE TABLE Sys_EHProductionSchedule --工程主页:生产进度
(
	id int identity (1,1) primary KEY,
	Name varchar(50)  NULL,--客户名称
	Number INT , --数量
	CreationTime DATETIME not null default getdate(),--创建时间
	IsEffective int DEFAULT 1 -- 0 无效 1 有效 1显示
)
INSERT dbo.Sys_EHProductionSchedule(Name,Number)VALUES  ('进度正常',70)
INSERT dbo.Sys_EHProductionSchedule(Name,Number)VALUES  ('已过交期',10) 
INSERT dbo.Sys_EHProductionSchedule(Name,Number)VALUES  ('生产延误',20)

CREATE TABLE Sys_EHDelayMoldList  --工程主页:延期模具列表
(
	id int identity (1,1) primary key , 
	MoldNo varchar(50)  NULL, --模具编号
	Customers  varchar(50)  NULL,--客户
	Type varchar(50)  NULL,--类型
	PlannedDeliveryDate DATE, --计划交期
	EarlyWarning VARCHAR(20),--预警 显示3个值，用;来分割数据。
	EarlyWarningColor VARCHAR(10),--预警颜色
	IsEffective int DEFAULT 1 -- 0 无效 1 有效 1显示
)
INSERT INTO Sys_EHDelayMoldList(MoldNo,Customers,Type,PlannedDeliveryDate,EarlyWarning,EarlyWarningColor)VALUES('IK19001','TH','交期',GETDATE(),50,'#0033FF')
INSERT INTO Sys_EHDelayMoldList(MoldNo,Customers,Type,PlannedDeliveryDate,EarlyWarning,EarlyWarningColor)VALUES('IK19002','TK','生产',GETDATE(),10,'#FF00FF')
INSERT INTO Sys_EHDelayMoldList(MoldNo,Customers,Type,PlannedDeliveryDate,EarlyWarning,EarlyWarningColor)VALUES('IK19003','TH','生产',GETDATE(),60,'#6600FF')


CREATE TABLE Sys_CustomerList --客户清单
(
	Id int identity (1,1) primary KEY,  --主表Id
	ParentId INT,						--父级  0父节点 大于0对应ID 子节点
	EnCode VARCHAR(50),					--编码（自定义）
	FullName NVARCHAR(200),             --名称
	OrderName NVARCHAR(200),			--订单名称
	OrderDate VARCHAR(50),				--接单日期
	OrderStatus VARCHAR(50),			--订单状态
	CreationTime DATETIME not null default getdate(),--创建时间
	IsEffective int DEFAULT 1 -- 0 无效 1 有效 1显示
)
CREATE TABLE Sys_CustomerListDetail --客户清单明细
(
	Id int identity (1,1) primary KEY,  --明细Id
	ListId INT,							--主表主键
	MoldName VARCHAR(50),				--模具名称
	MoldNo VARCHAR(50),					--模具编号
	CustomerName VARCHAR(50),	        --客户
	ContactPerson VARCHAR(50),	        --内部负责人
	TN VARCHAR(50),						--TN
	MoldType VARCHAR(50),				--类型
	MoldState  VARCHAR(50),				--状态
	MoldDate DATE,						--试模日期
	MoldMaterial VARCHAR(50),			--模仁材质
	Category VARCHAR(10),				--类别
	Colour varchar(50)  NULL,			--灯的颜色
	CreationTime DATETIME not null default getdate(),--创建时间
	IsEffective int DEFAULT 1			--0 无效 1 有效 1显示
)

INSERT INTO Sys_CustomerList(ParentId,EnCode,FullName)VALUES(0,'APPLE','客户APPLE')
INSERT INTO Sys_CustomerList(ParentId,EnCode,FullName,OrderName,OrderDate,OrderStatus)VALUES(1,'01','订单LD200301','X961','2020/03/01','进行中')
INSERT INTO Sys_CustomerList(ParentId,EnCode,FullName,OrderName,OrderDate,OrderStatus)VALUES(1,'02','订单LD200302','X968','2020/03/02','进行中')
INSERT INTO Sys_CustomerList(ParentId,EnCode,FullName)VALUES(0,'LOGITEC','客户LOGITEC')
INSERT INTO Sys_CustomerList(ParentId,EnCode,FullName,OrderName,OrderDate,OrderStatus)VALUES(4,'01','订单LD200301','X969','2020/03/03','进行中')

INSERT INTO Sys_CustomerListDetail(ListId,MoldName,MoldNo,CustomerName,ContactPerson,TN,MoldType,MoldState,MoldDate,MoldMaterial,Category,Colour)VALUES(3,'DAIL_DACE','IK19001','INNER','张三','T0','新模','加工中',GETDATE(),'8407','2','#CC0000')
INSERT INTO Sys_CustomerListDetail(ListId,MoldName,MoldNo,CustomerName,ContactPerson,TN,MoldType,MoldState,MoldDate,MoldMaterial,Category,Colour)VALUES(3,'DAIL_CLIP','IK19002','INNER','张三','T1','修模','加工中',GETDATE(),'8407','2','#01B468')



CREATE TABLE Sys_PMHomeMoldProgress --生管主页:模具进度
(
	id int identity (1,1) primary KEY,
	ProgressStatus varchar(50)  NULL,--进度状态
	Cost INT , --成本
	Display varchar(50),--(值保持一致，读取其中一个)
	CreationTime DATETIME not null default getdate(),--创建时间
	IsEffective int DEFAULT 1 -- 0 无效 1 有效 1显示
)
INSERT dbo.Sys_PMHomeMoldProgress(ProgressStatus,Cost,Display)VALUES  ('进度正常',23,28)
INSERT dbo.Sys_PMHomeMoldProgress(ProgressStatus,Cost,Display)VALUES  ('进度延误',5,28)


CREATE table Sys_PMHomeDelayMold  --生管主页:延期模具
(  
id int identity (1,1) primary key , 
MoldNo varchar(50)  NULL, --模具编号
Edition varchar(50)  NULL,--版本
Type varchar(50)  NULL,--类型
PlannedDeliveryDate DATE, --计划交期
Progress VARCHAR(20),--进度    多条数据用;分割
ProgressColor VARCHAR(10),--进度颜色
IsEffective int DEFAULT 1 -- 0 无效 1 有效 1显示
) 
INSERT INTO dbo.Sys_PMHomeDelayMold(MoldNo,Edition,Type,PlannedDeliveryDate,Progress,ProgressColor)VALUES  ( 'IK19001','T0','新模',GETDATE(),20,'#009933')
INSERT INTO dbo.Sys_PMHomeDelayMold(MoldNo,Edition,Type,PlannedDeliveryDate,Progress,ProgressColor)VALUES  ( 'IK19002','T1','修模',GETDATE(),40,'#0000FF')
INSERT INTO dbo.Sys_PMHomeDelayMold(MoldNo,Edition,Type,PlannedDeliveryDate,Progress,ProgressColor)VALUES  ( 'IK19003','T2','修模',GETDATE(),60,'#FF00FF')
INSERT INTO dbo.Sys_PMHomeDelayMold(MoldNo,Edition,Type,PlannedDeliveryDate,Progress,ProgressColor)VALUES  ( 'IK19004','T3','修模',GETDATE(),80,'#D80000')

CREATE TABLE Sys_PMHomeCapacityLoad --生管主页:产能/负载
(
	id int identity (1,1) primary KEY,
	DeviceType varchar(50)  NULL, --设备类型
	DeviceName varchar(50)  NULL,--设备名
	Number INT,--数据
	PrType INT, --下拉框类型(一周:1、两周:2、三周:3、一个月:4、半年:5、一年:6)
	Colour varchar(50)  NULL,  --颜色
	AcctDate DATE,--数据日期
	CreationTime DATETIME not null default getdate(),--创建时间
	IsEffective int DEFAULT 1 -- 0 无效 1 有效 1显示
)

INSERT INTO dbo.Sys_PMHomeCapacityLoad(DeviceType,DeviceName,Number,PrType,Colour)VALUES  ('CNC钢料A组','产能',88,1,'#01B468')
INSERT INTO dbo.Sys_PMHomeCapacityLoad(DeviceType,DeviceName,Number,PrType,Colour)VALUES  ('CNC钢料A组','负荷',100,1,'#F9F900')
INSERT INTO dbo.Sys_PMHomeCapacityLoad(DeviceType,DeviceName,Number,PrType,Colour)VALUES  ('CNC钢料B组','产能',66,1,'#FF2D2D')
INSERT INTO dbo.Sys_PMHomeCapacityLoad(DeviceType,DeviceName,Number,PrType,Colour)VALUES  ('CNC钢料B组','负荷',120,1,'#F9F900')
INSERT INTO dbo.Sys_PMHomeCapacityLoad(DeviceType,DeviceName,Number,PrType,Colour)VALUES  ('CNC电极组','产能',66,1,'#01B468')
INSERT INTO dbo.Sys_PMHomeCapacityLoad(DeviceType,DeviceName,Number,PrType,Colour)VALUES  ('CNC电极组','负荷',78,1,'#F9F900')
INSERT INTO dbo.Sys_PMHomeCapacityLoad(DeviceType,DeviceName,Number,PrType,Colour)VALUES  ('EDM放电A组','产能',66,1,'#F9F900')
INSERT INTO dbo.Sys_PMHomeCapacityLoad(DeviceType,DeviceName,Number,PrType,Colour)VALUES  ('EDM放电A组','负荷',325,1,'#F9F900')
INSERT INTO dbo.Sys_PMHomeCapacityLoad(DeviceType,DeviceName,Number,PrType,Colour)VALUES  ('EDM放电B组','产能',66,1,'#F9F900')
INSERT INTO dbo.Sys_PMHomeCapacityLoad(DeviceType,DeviceName,Number,PrType,Colour)VALUES  ('EDM放电B组','负荷',221,1,'#F9F900')
INSERT INTO dbo.Sys_PMHomeCapacityLoad(DeviceType,DeviceName,Number,PrType,Colour)VALUES  ('钳工A组','产能',32,1,'#F9F900')
INSERT INTO dbo.Sys_PMHomeCapacityLoad(DeviceType,DeviceName,Number,PrType,Colour)VALUES  ('钳工A组','负荷',23,1,'#F9F900')

INSERT INTO dbo.Sys_PMHomeCapacityLoad(DeviceType,DeviceName,Number,PrType,Colour)VALUES  ('CNC钢料A组','产能',11,2,'#F9F900')
INSERT INTO dbo.Sys_PMHomeCapacityLoad(DeviceType,DeviceName,Number,PrType,Colour)VALUES  ('CNC钢料A组','负荷',22,2,'#F9F900')
INSERT INTO dbo.Sys_PMHomeCapacityLoad(DeviceType,DeviceName,Number,PrType,Colour)VALUES  ('CNC钢料B组','产能',66,2,'#F9F900')
INSERT INTO dbo.Sys_PMHomeCapacityLoad(DeviceType,DeviceName,Number,PrType,Colour)VALUES  ('CNC钢料B组','负荷',120,2,'#F9F900')
INSERT INTO dbo.Sys_PMHomeCapacityLoad(DeviceType,DeviceName,Number,PrType,Colour)VALUES  ('CNC电极组','产能',66,2,'#F9F900')
INSERT INTO dbo.Sys_PMHomeCapacityLoad(DeviceType,DeviceName,Number,PrType,Colour)VALUES  ('CNC电极组','负荷',78,2,'#F9F900')
INSERT INTO dbo.Sys_PMHomeCapacityLoad(DeviceType,DeviceName,Number,PrType,Colour)VALUES  ('EDM放电A组','产能',66,2,'#F9F900')
INSERT INTO dbo.Sys_PMHomeCapacityLoad(DeviceType,DeviceName,Number,PrType,Colour)VALUES  ('EDM放电A组','负荷',111,2,'#F9F900')
INSERT INTO dbo.Sys_PMHomeCapacityLoad(DeviceType,DeviceName,Number,PrType,Colour)VALUES  ('EDM放电B组','产能',66,2,'#01B468')
INSERT INTO dbo.Sys_PMHomeCapacityLoad(DeviceType,DeviceName,Number,PrType,Colour)VALUES  ('EDM放电B组','负荷',221,2,'#01B468')
INSERT INTO dbo.Sys_PMHomeCapacityLoad(DeviceType,DeviceName,Number,PrType,Colour)VALUES  ('钳工A组','产能',32,2,'#01B468')
INSERT INTO dbo.Sys_PMHomeCapacityLoad(DeviceType,DeviceName,Number,PrType,Colour)VALUES  ('钳工A组','负荷',89,2,'#01B468')

CREATE TABLE Sys_PMHomeOutsourcingRate --生管主页:外协按期交付率
(
	id int identity (1,1) primary KEY,
	Type varchar(50)  NULL,--类型
	Cost INT , --成本
	--GroupType varchar(50)  NULL, --外协按期交付率(WX)/物料按期交付率(WL)
	CreationTime DATETIME not null default getdate(),--创建时间
	IsEffective int DEFAULT 1 -- 0 无效 1 有效 1显示
)
INSERT dbo.Sys_PMHomeOutsourcingRate(Type,Cost,GroupType)VALUES('按期',88,'WX')
INSERT dbo.Sys_PMHomeOutsourcingRate(Type,Cost,GroupType)VALUES('延期',12,'WX') 
INSERT dbo.Sys_PMHomeOutsourcingRate(Type,Cost,GroupType)VALUES('按期',98,'WL')
INSERT dbo.Sys_PMHomeOutsourcingRate(Type,Cost,GroupType)VALUES('延期',2,'WL') 

CREATE table Sys_PMHomeOutsourcingDetail  --生管主页:外协按期交付追踪
(  
id int identity (1,1) primary key , 
ModuleNumber varchar(50)  NULL,--模号
WorkpieceNo varchar(50)  NULL,--工件号
WxBillNo varchar(50)  NULL,--模具名称
WorkingProcedure varchar(50)  NULL,--委外工序
Supplier varchar(50)  NULL,--供应商
PlannedDeliveryDate DATE, --计划交期
DaysOfExtension INT,--延期天数
DaysOfExtensionColor VARCHAR(10),--延期天数颜色
OrderStatus VARCHAR(20), --状态
CreationTime DATETIME not null default getdate(),--创建时间
IsEffective int DEFAULT 1 -- 0 无效 1 有效 1显示
) 
INSERT INTO Sys_PMHomeOutsourcingDetail(ModuleNumber,WorkpieceNo,WorkingProcedure,Supplier,PlannedDeliveryDate,DaysOfExtension,DaysOfExtensionColor,OrderStatus)VALUES('WX200302001','20KK02003','201_1','铣床','DJ',GETDATE(),6,'#D80000','加工中')
INSERT INTO Sys_PMHomeOutsourcingDetail(ModuleNumber,WorkpieceNo,WorkingProcedure,Supplier,PlannedDeliveryDate,DaysOfExtension,DaysOfExtensionColor,OrderStatus)VALUES('WX200302002','20KK04013','202_2','热处理','KS',GETDATE(),3,'#CCFF33','加工中')
INSERT INTO Sys_PMHomeOutsourcingDetail(ModuleNumber,WorkpieceNo,WorkingProcedure,Supplier,PlannedDeliveryDate,DaysOfExtension,DaysOfExtensionColor,OrderStatus)VALUES('WX200302003','20KK04023','202_2','热处理','KS',GETDATE(),4,'#CCFF33','加工中')
INSERT INTO Sys_PMHomeOutsourcingDetail(ModuleNumber,WorkpieceNo,WorkingProcedure,Supplier,PlannedDeliveryDate,DaysOfExtension,DaysOfExtensionColor,OrderStatus)VALUES('WX200302004','20KK04033','202_2','热处理','KS',GETDATE(),4,'#CCFF33','加工中')
INSERT INTO Sys_PMHomeOutsourcingDetail(ModuleNumber,WorkpieceNo,WorkingProcedure,Supplier,PlannedDeliveryDate,DaysOfExtension,DaysOfExtensionColor,OrderStatus)VALUES('WX200302005','20KK04043','202_2','热处理','KS',GETDATE(),5,'#CCFF33','加工中')
INSERT INTO Sys_PMHomeOutsourcingDetail(ModuleNumber,WorkpieceNo,WorkingProcedure,Supplier,PlannedDeliveryDate,DaysOfExtension,DaysOfExtensionColor,OrderStatus)VALUES('WX200302006','20KK04053','202_2','热处理','KS',GETDATE(),5,'#CCFF33','加工中')
INSERT INTO Sys_PMHomeOutsourcingDetail(ModuleNumber,WorkpieceNo,WorkingProcedure,Supplier,PlannedDeliveryDate,DaysOfExtension,DaysOfExtensionColor,OrderStatus)VALUES('WX200302007','20KK04063','202_2','热处理','KS',GETDATE(),7,'#CCFF33','加工中')
INSERT INTO Sys_PMHomeOutsourcingDetail(ModuleNumber,WorkpieceNo,WorkingProcedure,Supplier,PlannedDeliveryDate,DaysOfExtension,DaysOfExtensionColor,OrderStatus)VALUES('WX200302008','20KK04073','202_2','热处理','KS',GETDATE(),5,'#CCFF33','加工中')


CREATE TABLE Sys_PMHomeJiadongRate --生管主页:稼动率趋势
(
	id int identity (1,1) primary KEY,
	Month_Day varchar(20)  NULL, --日期
	Device_Name varchar(50)  NULL,--设备名
	TrendRate FLOAT,--趋势数
	CreationTime DATETIME not null default getdate(),--创建时间
	IsEffective int DEFAULT 1 -- 0 无效 1 有效 1显示
)
INSERT INTO [dbo].Sys_PMHomeJiadongRate ([Month_Day],[Device_Name],[TrendRate])VALUES ('2-28','CNC钢料A',89)
INSERT INTO [dbo].Sys_PMHomeJiadongRate ([Month_Day],[Device_Name],[TrendRate])VALUES ('2-28','CNC钢料B',92)
INSERT INTO [dbo].Sys_PMHomeJiadongRate ([Month_Day],[Device_Name],[TrendRate])VALUES ('2-28','CNC电极',95)
INSERT INTO [dbo].Sys_PMHomeJiadongRate ([Month_Day],[Device_Name],[TrendRate])VALUES ('2-28','EDM',85)
INSERT INTO [dbo].Sys_PMHomeJiadongRate ([Month_Day],[Device_Name],[TrendRate])VALUES ('3-1','CNC钢料A',91)
INSERT INTO [dbo].Sys_PMHomeJiadongRate ([Month_Day],[Device_Name],[TrendRate])VALUES ('3-1','CNC钢料B',94)
INSERT INTO [dbo].Sys_PMHomeJiadongRate ([Month_Day],[Device_Name],[TrendRate])VALUES ('3-1','CNC电极',98)
INSERT INTO [dbo].Sys_PMHomeJiadongRate ([Month_Day],[Device_Name],[TrendRate])VALUES ('3-1','EDM',83)
INSERT INTO [dbo].Sys_PMHomeJiadongRate ([Month_Day],[Device_Name],[TrendRate])VALUES ('3-2','CNC钢料A',92)
INSERT INTO [dbo].Sys_PMHomeJiadongRate ([Month_Day],[Device_Name],[TrendRate])VALUES ('3-2','CNC钢料B',96)
INSERT INTO [dbo].Sys_PMHomeJiadongRate ([Month_Day],[Device_Name],[TrendRate])VALUES ('3-2','CNC电极',99)
INSERT INTO [dbo].Sys_PMHomeJiadongRate ([Month_Day],[Device_Name],[TrendRate])VALUES ('3-2','EDM',84)
INSERT INTO [dbo].Sys_PMHomeJiadongRate ([Month_Day],[Device_Name],[TrendRate])VALUES ('3-3','CNC钢料A',94)
INSERT INTO [dbo].Sys_PMHomeJiadongRate ([Month_Day],[Device_Name],[TrendRate])VALUES ('3-3','CNC钢料B',95)
INSERT INTO [dbo].Sys_PMHomeJiadongRate ([Month_Day],[Device_Name],[TrendRate])VALUES ('3-3','CNC电极',96)
INSERT INTO [dbo].Sys_PMHomeJiadongRate ([Month_Day],[Device_Name],[TrendRate])VALUES ('3-3','EDM',88)
INSERT INTO [dbo].Sys_PMHomeJiadongRate ([Month_Day],[Device_Name],[TrendRate])VALUES ('3-4','CNC钢料A',92)
INSERT INTO [dbo].Sys_PMHomeJiadongRate ([Month_Day],[Device_Name],[TrendRate])VALUES ('3-4','CNC钢料B',93)
INSERT INTO [dbo].Sys_PMHomeJiadongRate ([Month_Day],[Device_Name],[TrendRate])VALUES ('3-4','CNC电极',96)
INSERT INTO [dbo].Sys_PMHomeJiadongRate ([Month_Day],[Device_Name],[TrendRate])VALUES ('3-4','EDM',87)
INSERT INTO [dbo].Sys_PMHomeJiadongRate ([Month_Day],[Device_Name],[TrendRate])VALUES ('3-5','CNC钢料A',93)
INSERT INTO [dbo].Sys_PMHomeJiadongRate ([Month_Day],[Device_Name],[TrendRate])VALUES ('3-5','CNC钢料B',91)
INSERT INTO [dbo].Sys_PMHomeJiadongRate ([Month_Day],[Device_Name],[TrendRate])VALUES ('3-5','CNC电极',97)
INSERT INTO [dbo].Sys_PMHomeJiadongRate ([Month_Day],[Device_Name],[TrendRate])VALUES ('3-5','EDM',86)

CREATE TABLE Sys_QualityOTeamPassRate --品质工程：班组合格率
(
	id int identity (1,1) primary KEY,
	DeviceType varchar(50)  NULL, --设备类型
	DeviceName varchar(50)  NULL,--设备名
	Number INT,--合格率
	PassNum INT,
	TotalNum INT,
	Colour varchar(50)  NULL,  --颜色
	CreationTime DATETIME not null default getdate(),--创建时间
	IsEffective int DEFAULT 1 -- 0 无效 1 有效 1显示
) 
INSERT INTO dbo.Sys_QualityOTeamPassRate(DeviceType,DeviceName,Number,Colour)VALUES  ('CNC钢料A组','合格率',98,'#01B468')
INSERT INTO dbo.Sys_QualityOTeamPassRate(DeviceType,DeviceName,Number,Colour)VALUES  ('CNC钢料B组','合格率',95,'#01B468')
INSERT INTO dbo.Sys_QualityOTeamPassRate(DeviceType,DeviceName,Number,Colour)VALUES  ('CNC电极组','合格率',98,'#01B468')
INSERT INTO dbo.Sys_QualityOTeamPassRate(DeviceType,DeviceName,Number,Colour)VALUES  ('EDM放电A组','合格率',89,'#F9F900')
INSERT INTO dbo.Sys_QualityOTeamPassRate(DeviceType,DeviceName,Number,Colour)VALUES  ('EDM放电B组','合格率',87,'#F9F900')
INSERT INTO dbo.Sys_QualityOTeamPassRate(DeviceType,DeviceName,Number,Colour)VALUES  ('钳工A组','合格率',85,'#F9F900')

CREATE TABLE Sys_QualityOExceptionalResults --品质工程:异常处理结果统计
(
	id int identity (1,1) primary KEY,
	Type varchar(50)  NULL,--类型
	Cost INT , --成本
	CreationTime DATETIME not null default getdate(),--创建时间
	IsEffective int DEFAULT 1 -- 0 无效 1 有效 1显示
)
INSERT dbo.Sys_QualityOExceptionalResults(Type,Cost)VALUES('特采',68)
INSERT dbo.Sys_QualityOExceptionalResults(Type,Cost)VALUES('返工',12)
INSERT dbo.Sys_QualityOExceptionalResults(Type,Cost)VALUES('返修',17)
INSERT dbo.Sys_QualityOExceptionalResults(Type,Cost)VALUES('报废',3)

CREATE table Sys_QualityOExceptionalDetail  --品质工程:异常处理结果统计明细
(  
id int identity (1,1) primary key , 
ProjectNo varchar(50)  NULL, --项目单号
ModuleNumber varchar(50)  NULL,--模号
WorkpieceNo varchar(50)  NULL,--工件号
ExceptionalProcedure varchar(50)  NULL,--异常工序
TreatmentMethod varchar(50)  NULL,--处理方式
Colour varchar(50)  NULL,  --颜色
CreationTime DATETIME not null default getdate(),--创建时间
IsEffective int DEFAULT 1 -- 0 无效 1 有效 1显示
) 
INSERT INTO Sys_QualityOExceptionalDetail(ProjectNo,ModuleNumber,WorkpieceNo,ExceptionalProcedure,TreatmentMethod,Colour)VALUES('WX200302001','20KK02003','201_1','铣床','报废','#F9F900')
INSERT INTO Sys_QualityOExceptionalDetail(ProjectNo,ModuleNumber,WorkpieceNo,ExceptionalProcedure,TreatmentMethod,Colour)VALUES('WX200302002','20KK04003','202_2','热处理','返修','#F9F900')
INSERT INTO Sys_QualityOExceptionalDetail(ProjectNo,ModuleNumber,WorkpieceNo,ExceptionalProcedure,TreatmentMethod,Colour)VALUES('WX200302003','20KK02001','201_3','铣床','返工','#F9F900')
INSERT INTO Sys_QualityOExceptionalDetail(ProjectNo,ModuleNumber,WorkpieceNo,ExceptionalProcedure,TreatmentMethod,Colour)VALUES('WX200302004','20KK03003','203_2','研磨','特采','#F9F900')
INSERT INTO Sys_QualityOExceptionalDetail(ProjectNo,ModuleNumber,WorkpieceNo,ExceptionalProcedure,TreatmentMethod,Colour)VALUES('WX200302005','20KK01002','201_3','铣床','报废','#01B468')

CREATE TABLE Sys_QualityOPassRateTrend --品质工程:班组合格率走势  
(
	id int identity (1,1) primary KEY,
	Month_Day varchar(20)  NULL, --日期
	Device_Name varchar(50)  NULL,--设备名
	TrendRate FLOAT,--趋势数
	CreationTime DATETIME not null default getdate(),--创建时间
	IsEffective int DEFAULT 1 -- 0 无效 1 有效 1显示
)
INSERT INTO [dbo].Sys_QualityOPassRateTrend ([Month_Day],[Device_Name],[TrendRate])VALUES ('1月','CNC',88)
INSERT INTO [dbo].Sys_QualityOPassRateTrend ([Month_Day],[Device_Name],[TrendRate])VALUES ('1月','EDM',88)
INSERT INTO [dbo].Sys_QualityOPassRateTrend ([Month_Day],[Device_Name],[TrendRate])VALUES ('1月','WE',99)
INSERT INTO [dbo].Sys_QualityOPassRateTrend ([Month_Day],[Device_Name],[TrendRate])VALUES ('2月','CNC',95)
INSERT INTO [dbo].Sys_QualityOPassRateTrend ([Month_Day],[Device_Name],[TrendRate])VALUES ('2月','EDM',90)
INSERT INTO [dbo].Sys_QualityOPassRateTrend ([Month_Day],[Device_Name],[TrendRate])VALUES ('2月','WE',95)
INSERT INTO [dbo].Sys_QualityOPassRateTrend ([Month_Day],[Device_Name],[TrendRate])VALUES ('3月','CNC',98)
INSERT INTO [dbo].Sys_QualityOPassRateTrend ([Month_Day],[Device_Name],[TrendRate])VALUES ('3月','EDM',95)
INSERT INTO [dbo].Sys_QualityOPassRateTrend ([Month_Day],[Device_Name],[TrendRate])VALUES ('3月','WE',85)
INSERT INTO [dbo].Sys_QualityOPassRateTrend ([Month_Day],[Device_Name],[TrendRate])VALUES ('4月','CNC',99)
INSERT INTO [dbo].Sys_QualityOPassRateTrend ([Month_Day],[Device_Name],[TrendRate])VALUES ('4月','EDM',100)
INSERT INTO [dbo].Sys_QualityOPassRateTrend ([Month_Day],[Device_Name],[TrendRate])VALUES ('4月','WE',80)
INSERT INTO [dbo].Sys_QualityOPassRateTrend ([Month_Day],[Device_Name],[TrendRate])VALUES ('5月','CNC',95)
INSERT INTO [dbo].Sys_QualityOPassRateTrend ([Month_Day],[Device_Name],[TrendRate])VALUES ('5月','EDM',95)
INSERT INTO [dbo].Sys_QualityOPassRateTrend ([Month_Day],[Device_Name],[TrendRate])VALUES ('5月','WE',83)
INSERT INTO [dbo].Sys_QualityOPassRateTrend ([Month_Day],[Device_Name],[TrendRate])VALUES ('6月','CNC',93)
INSERT INTO [dbo].Sys_QualityOPassRateTrend ([Month_Day],[Device_Name],[TrendRate])VALUES ('6月','EDM',88)
INSERT INTO [dbo].Sys_QualityOPassRateTrend ([Month_Day],[Device_Name],[TrendRate])VALUES ('6月','WE',95)
INSERT INTO [dbo].Sys_QualityOPassRateTrend ([Month_Day],[Device_Name],[TrendRate])VALUES ('7月','CNC',88)
INSERT INTO [dbo].Sys_QualityOPassRateTrend ([Month_Day],[Device_Name],[TrendRate])VALUES ('7月','EDM',89)
INSERT INTO [dbo].Sys_QualityOPassRateTrend ([Month_Day],[Device_Name],[TrendRate])VALUES ('7月','WE',99)
INSERT INTO [dbo].Sys_QualityOPassRateTrend ([Month_Day],[Device_Name],[TrendRate])VALUES ('8月','CNC',85)
INSERT INTO [dbo].Sys_QualityOPassRateTrend ([Month_Day],[Device_Name],[TrendRate])VALUES ('8月','EDM',93)
INSERT INTO [dbo].Sys_QualityOPassRateTrend ([Month_Day],[Device_Name],[TrendRate])VALUES ('8月','WE',98)
INSERT INTO [dbo].Sys_QualityOPassRateTrend ([Month_Day],[Device_Name],[TrendRate])VALUES ('9月','CNC',91)
INSERT INTO [dbo].Sys_QualityOPassRateTrend ([Month_Day],[Device_Name],[TrendRate])VALUES ('9月','EDM',95)
INSERT INTO [dbo].Sys_QualityOPassRateTrend ([Month_Day],[Device_Name],[TrendRate])VALUES ('9月','WE',96)
INSERT INTO [dbo].Sys_QualityOPassRateTrend ([Month_Day],[Device_Name],[TrendRate])VALUES ('10月','CNC',95)
INSERT INTO [dbo].Sys_QualityOPassRateTrend ([Month_Day],[Device_Name],[TrendRate])VALUES ('10月','EDM',89)
INSERT INTO [dbo].Sys_QualityOPassRateTrend ([Month_Day],[Device_Name],[TrendRate])VALUES ('10月','WE',95)
INSERT INTO [dbo].Sys_QualityOPassRateTrend ([Month_Day],[Device_Name],[TrendRate])VALUES ('11月','CNC',92)
INSERT INTO [dbo].Sys_QualityOPassRateTrend ([Month_Day],[Device_Name],[TrendRate])VALUES ('11月','EDM',89)
INSERT INTO [dbo].Sys_QualityOPassRateTrend ([Month_Day],[Device_Name],[TrendRate])VALUES ('11月','WE',97)
INSERT INTO [dbo].Sys_QualityOPassRateTrend ([Month_Day],[Device_Name],[TrendRate])VALUES ('12月','CNC',89)
INSERT INTO [dbo].Sys_QualityOPassRateTrend ([Month_Day],[Device_Name],[TrendRate])VALUES ('12月','EDM',99)
INSERT INTO [dbo].Sys_QualityOPassRateTrend ([Month_Day],[Device_Name],[TrendRate])VALUES ('12月','WE',93)

CREATE TABLE Sys_QualityOHandleExceptionalResults --品质工程:待处理/已处理异常统计  
(
	id int identity (1,1) primary KEY,
	DeviceType varchar(50)  NULL, --设备类型
	DeviceName varchar(50)  NULL,--待处理/已处理
	TrendRate INT,--趋势数
	CreationTime DATETIME not null default getdate(),--创建时间
	IsEffective int DEFAULT 1 -- 0 无效 1 有效 1显示
)
INSERT INTO Sys_QualityOHandleExceptionalResults(DeviceType,DeviceName,TrendRate)VALUES('CNC','待处理',32)
INSERT INTO Sys_QualityOHandleExceptionalResults(DeviceType,DeviceName,TrendRate)VALUES('CNC','已处理',30)
INSERT INTO Sys_QualityOHandleExceptionalResults(DeviceType,DeviceName,TrendRate)VALUES('EDM','待处理',37)
INSERT INTO Sys_QualityOHandleExceptionalResults(DeviceType,DeviceName,TrendRate)VALUES('EDM','已处理',25)
INSERT INTO Sys_QualityOHandleExceptionalResults(DeviceType,DeviceName,TrendRate)VALUES('WE','待处理',15)
INSERT INTO Sys_QualityOHandleExceptionalResults(DeviceType,DeviceName,TrendRate)VALUES('WE','已处理',12)
INSERT INTO Sys_QualityOHandleExceptionalResults(DeviceType,DeviceName,TrendRate)VALUES('车','待处理',17)
INSERT INTO Sys_QualityOHandleExceptionalResults(DeviceType,DeviceName,TrendRate)VALUES('车','已处理',3)
INSERT INTO Sys_QualityOHandleExceptionalResults(DeviceType,DeviceName,TrendRate)VALUES('铣','待处理',15)
INSERT INTO Sys_QualityOHandleExceptionalResults(DeviceType,DeviceName,TrendRate)VALUES('铣','已处理',13)




--运行状态 1号料仓/2号料仓  Sys_RunningState： Describe5/Describe6:30;40;50;10

--经营概览 在制模具进度：EarlyWarning，当前未设置值，要设置为三个值（颜色忽略）

--生管主页 延期模具: Progress 当前未设置值，要设置为三个值（颜色忽略）

--工程主页 延期模具:EarlyWarning，当前未设置值，要设置为三个值（颜色忽略）

----------------------------------------------------------------------------------------
CREATE table Sys_QualityOInspectionPlan  --品质工程:检测计划
(  
id int identity (1,1) primary key , 
MoldNumber varchar(50)  NULL,--模具号
Edition varchar(50)  NULL,--版本
PartNumber varchar(50)  NULL,--零件编号
InspectionProcess varchar(50)  NULL,--检测工序
LastProcess varchar(50)  NULL,--上道工序
Start_Time DATETIME, --开始时间
END_Time DATETIME, --结束时间
Colour varchar(50)  NULL,  --颜色
CreationTime DATETIME not null default getdate(),--创建时间
IsEffective int DEFAULT 1 -- 0 无效 1 有效 1显示
) 
INSERT INTO Sys_QualityOInspectionPlan(MoldNumber,Edition,PartNumber,InspectionProcess,LastProcess,Start_Time,END_Time,Colour)VALUES
('lk007','T2','123','检测重要尺寸','检测重要尺寸',GETDATE(),GETDATE(),'#F9F900')
INSERT INTO Sys_QualityOInspectionPlan(MoldNumber,Edition,PartNumber,InspectionProcess,LastProcess,Start_Time,END_Time,Colour)VALUES
('lk007','T2','123','检测重要尺寸11','检测重要尺寸1',GETDATE(),GETDATE(),'#01B468')
INSERT INTO Sys_QualityOInspectionPlan(MoldNumber,Edition,PartNumber,InspectionProcess,LastProcess,Start_Time,END_Time,Colour)VALUES
('lk007','T2','123','检测重要尺寸22','检测重要尺寸2',GETDATE(),GETDATE(),'#01B468')




CREATE TABLE Sys_TLHTotalManHours --班组长主页:报工总工时
(
	id int identity (1,1) primary KEY,
	DeviceType varchar(50)  NULL, --设备类型
	DeviceName varchar(50)  NULL,--设备名
	Number INT,--数据
	CreationTime DATETIME not null default getdate(),--创建时间
	IsEffective int DEFAULT 1 -- 0 无效 1 有效 1显示
)
INSERT INTO dbo.Sys_TLHTotalManHours(DeviceType,DeviceName,Number)VALUES  ('员工1','报工总工时',10)
INSERT INTO dbo.Sys_TLHTotalManHours(DeviceType,DeviceName,Number)VALUES  ('员工2','报工总工时',4)
INSERT INTO dbo.Sys_TLHTotalManHours(DeviceType,DeviceName,Number)VALUES  ('员工3','报工总工时',6)
INSERT INTO dbo.Sys_TLHTotalManHours(DeviceType,DeviceName,Number)VALUES  ('员工4','报工总工时',8)
INSERT INTO dbo.Sys_TLHTotalManHours(DeviceType,DeviceName,Number)VALUES  ('员工5','报工总工时',2)

CREATE TABLE Sys_TLHPassRate --班组长主页:合格率
(
	id int identity (1,1) primary KEY,
	DeviceType varchar(50)  NULL, --设备类型
	DeviceName varchar(50)  NULL,--设备名
	Number INT,--数据
	CreationTime DATETIME not null default getdate(),--创建时间
	IsEffective int DEFAULT 1 -- 0 无效 1 有效 1显示
)
INSERT INTO dbo.Sys_TLHPassRate(DeviceType,DeviceName,Number)VALUES  ('员工1','合格率',95)
INSERT INTO dbo.Sys_TLHPassRate(DeviceType,DeviceName,Number)VALUES  ('员工2','合格率',89)
INSERT INTO dbo.Sys_TLHPassRate(DeviceType,DeviceName,Number)VALUES  ('员工3','合格率',79)
INSERT INTO dbo.Sys_TLHPassRate(DeviceType,DeviceName,Number)VALUES  ('员工4','合格率',99)
INSERT INTO dbo.Sys_TLHPassRate(DeviceType,DeviceName,Number)VALUES  ('员工5','合格率',58)

CREATE TABLE Sys_TLHAttendanceRate --班组长主页:出勤率
(
	id int identity (1,1) primary KEY,
	DeviceType varchar(50)  NULL, --设备类型
	DeviceName varchar(50)  NULL,--设备名
	Number INT,--数据
	CreationTime DATETIME not null default getdate(),--创建时间
	IsEffective int DEFAULT 1 -- 0 无效 1 有效 1显示
)
INSERT INTO dbo.Sys_TLHAttendanceRate(DeviceType,DeviceName,Number)VALUES  ('员工1','出勤率',95)
INSERT INTO dbo.Sys_TLHAttendanceRate(DeviceType,DeviceName,Number)VALUES  ('员工2','出勤率',89)
INSERT INTO dbo.Sys_TLHAttendanceRate(DeviceType,DeviceName,Number)VALUES  ('员工3','出勤率',79)
INSERT INTO dbo.Sys_TLHAttendanceRate(DeviceType,DeviceName,Number)VALUES  ('员工4','出勤率',99)
INSERT INTO dbo.Sys_TLHAttendanceRate(DeviceType,DeviceName,Number)VALUES  ('员工5','出勤率',50)

CREATE TABLE Sys_TLHTeamPerformance --班组长主页:班组绩效成绩
(
	id int identity (1,1) primary KEY,
	DeviceType varchar(50)  NULL, --设备类型
	DeviceName varchar(50)  NULL,--设备名
	Number INT,--数据
	CreationTime DATETIME not null default getdate(),--创建时间
	IsEffective int DEFAULT 1 -- 0 无效 1 有效 1显示
)
INSERT INTO dbo.Sys_TLHTeamPerformance(DeviceType,DeviceName,Number)VALUES  ('班组1','绩效成绩',95)
INSERT INTO dbo.Sys_TLHTeamPerformance(DeviceType,DeviceName,Number)VALUES  ('班组2','绩效成绩',89)
INSERT INTO dbo.Sys_TLHTeamPerformance(DeviceType,DeviceName,Number)VALUES  ('班组3','绩效成绩',79)
INSERT INTO dbo.Sys_TLHTeamPerformance(DeviceType,DeviceName,Number)VALUES  ('班组4','绩效成绩',99)
INSERT INTO dbo.Sys_TLHTeamPerformance(DeviceType,DeviceName,Number)VALUES  ('班组5','绩效成绩',50)
INSERT INTO dbo.Sys_TLHTeamPerformance(DeviceType,DeviceName,Number)VALUES  ('班组6','绩效成绩',60)
INSERT INTO dbo.Sys_TLHTeamPerformance(DeviceType,DeviceName,Number)VALUES  ('班组7','绩效成绩',40)
INSERT INTO dbo.Sys_TLHTeamPerformance(DeviceType,DeviceName,Number)VALUES  ('班组8','绩效成绩',80)
INSERT INTO dbo.Sys_TLHTeamPerformance(DeviceType,DeviceName,Number)VALUES  ('班组9','绩效成绩',100)
INSERT INTO dbo.Sys_TLHTeamPerformance(DeviceType,DeviceName,Number)VALUES  ('班组10','绩效成绩',0)
INSERT INTO dbo.Sys_TLHTeamPerformance(DeviceType,DeviceName,Number)VALUES  ('班组11','绩效成绩',10)


CREATE table Sys_TLHTeamTask  --班组长主页:班组任务
(  
id int identity (1,1) primary key , 
MoldNo varchar(50)  NULL, --模具编号
PartNumber  varchar(50)  NULL,--零件编号
PlannedEquipment varchar(50)  NULL,--计划设备
StartTime DATETIME, --开始时间
ENDTime DATETIME, --结束时间
LatestStartTime DATETIME,--最晚开始时间
WorkingHours varchar(50)  NULL,--标准工时
Customer  varchar(50)  NULL,--客户
MoldKernelMaterial varchar(50)  NULL,--模仁材质
Category varchar(50)  NULL,--类别
Colour varchar(50)  NULL,  --灯的颜色
IsEffective int DEFAULT 1 -- 0 无效 1 有效 1显示
)  

INSERT INTO Sys_TLHTeamTask(MoldNo ,PartNumber ,PlannedEquipment ,StartTime ,ENDTime ,LatestStartTime,WorkingHours ,Customer ,MoldKernelMaterial ,Category ,Colour)
VALUES ('IK19001' ,'F01' ,'GF01' ,GETDATE() ,GETDATE() ,GETDATE() ,2 ,'INNER' ,8407 ,2 ,'#006600')


CREATE TABLE Sys_FATotalCycleCost --财务分析:周期总生产成本
(
	id int identity (1,1) primary KEY,
	Name varchar(50)  NULL,--物品
	Cost FLOAT , --成本
	AcctDate DATE,--数据日期
	CreationTime DATETIME not null default getdate(),--创建时间
	IsEffective int DEFAULT 1 -- 0 无效 1 有效 1显示
)
INSERT dbo.Sys_FATotalCycleCost(Name,Cost,AcctDate)VALUES  ('物料',27,'2020-09-11')
INSERT dbo.Sys_FATotalCycleCost(Name,Cost,AcctDate)VALUES  ('外协',18,'2020-09-12')
INSERT dbo.Sys_FATotalCycleCost(Name,Cost,AcctDate)VALUES  ('自制',53,'2020-09-13')
INSERT dbo.Sys_FATotalCycleCost(Name,Cost,AcctDate)VALUES  ('异常',2,'2020-09-14')
INSERT dbo.Sys_FATotalCycleCost(Name,Cost,AcctDate)VALUES  ('物料',27,'2020-09-15')
INSERT dbo.Sys_FATotalCycleCost(Name,Cost,AcctDate)VALUES  ('外协',18,'2020-09-16')
INSERT dbo.Sys_FATotalCycleCost(Name,Cost,AcctDate)VALUES  ('自制',53,'2020-09-17')
INSERT dbo.Sys_FATotalCycleCost(Name,Cost,AcctDate)VALUES  ('异常',2,'2020-09-18')


CREATE TABLE Sys_FACostByDepartment --财务分析:自制成本按部门分类
(
	id int identity (1,1) primary KEY,
	Name varchar(50)  NULL,--物品
	Cost FLOAT  , --成本
	AcctDate DATE,--数据日期
	CreationTime DATETIME not null default getdate(),--创建时间
	IsEffective int DEFAULT 1 -- 0 无效 1 有效 1显示
)
INSERT dbo.Sys_FACostByDepartment(Name,Cost,AcctDate)VALUES  ('CNC',23,'2020-09-11')
INSERT dbo.Sys_FACostByDepartment(Name,Cost,AcctDate)VALUES  ('EDM',26,'2020-09-12')
INSERT dbo.Sys_FACostByDepartment(Name,Cost,AcctDate)VALUES  ('WEDM',17,'2020-09-13')
INSERT dbo.Sys_FACostByDepartment(Name,Cost,AcctDate)VALUES  ('车铣磨抛',34,'2020-09-14')
INSERT dbo.Sys_FACostByDepartment(Name,Cost,AcctDate)VALUES  ('CNC',23,'2020-09-15')
INSERT dbo.Sys_FACostByDepartment(Name,Cost,AcctDate)VALUES  ('EDM',26,'2020-09-16')
INSERT dbo.Sys_FACostByDepartment(Name,Cost,AcctDate)VALUES  ('WEDM',17,'2020-09-17')
INSERT dbo.Sys_FACostByDepartment(Name,Cost,AcctDate)VALUES  ('车铣磨抛',34,'2020-09-18')


CREATE TABLE Sys_FACostAnalysis --财务分析:客户成本分析
(
	id int identity (1,1) primary KEY,
	DeviceType varchar(50)  NULL, --设备类型
	DeviceName varchar(50)  NULL,--设备名
	Number INT,--数据
	AcctDate DATE,--数据日期
	CreationTime DATETIME not null default getdate(),--创建时间
	IsEffective int DEFAULT 1 -- 0 无效 1 有效 1显示
)
INSERT INTO dbo.Sys_FACostAnalysis(DeviceType,DeviceName,Number,AcctDate)VALUES  ('客户一','报价',5000,'2020-09-15')
INSERT INTO dbo.Sys_FACostAnalysis(DeviceType,DeviceName,Number,AcctDate)VALUES  ('客户一','实际',7000,'2020-09-15')
INSERT INTO dbo.Sys_FACostAnalysis(DeviceType,DeviceName,Number,AcctDate)VALUES  ('客户二','报价',2000,'2020-09-15')
INSERT INTO dbo.Sys_FACostAnalysis(DeviceType,DeviceName,Number,AcctDate)VALUES  ('客户二','实际',1111,'2020-09-15')
INSERT INTO dbo.Sys_FACostAnalysis(DeviceType,DeviceName,Number,AcctDate)VALUES  ('客户三','报价',3000,'2020-09-15')
INSERT INTO dbo.Sys_FACostAnalysis(DeviceType,DeviceName,Number,AcctDate)VALUES  ('客户三','实际',2222,'2020-09-15')
INSERT INTO dbo.Sys_FACostAnalysis(DeviceType,DeviceName,Number,AcctDate)VALUES  ('客户四','报价',4000,'2020-09-15')
INSERT INTO dbo.Sys_FACostAnalysis(DeviceType,DeviceName,Number,AcctDate)VALUES  ('客户四','实际',3333,'2020-09-15')
INSERT INTO dbo.Sys_FACostAnalysis(DeviceType,DeviceName,Number,AcctDate)VALUES  ('客户五','报价',6000,'2020-09-15')
INSERT INTO dbo.Sys_FACostAnalysis(DeviceType,DeviceName,Number,AcctDate)VALUES  ('客户五','实际',4444,'2020-09-15')

INSERT INTO dbo.Sys_FACostAnalysis(DeviceType,DeviceName,Number,AcctDate)VALUES  ('客户一','报价',1111,'2020-09-16')
INSERT INTO dbo.Sys_FACostAnalysis(DeviceType,DeviceName,Number,AcctDate)VALUES  ('客户一','实际',2222,'2020-09-16')
INSERT INTO dbo.Sys_FACostAnalysis(DeviceType,DeviceName,Number,AcctDate)VALUES  ('客户二','报价',3333,'2020-09-16')
INSERT INTO dbo.Sys_FACostAnalysis(DeviceType,DeviceName,Number,AcctDate)VALUES  ('客户二','实际',4444,'2020-09-16')
INSERT INTO dbo.Sys_FACostAnalysis(DeviceType,DeviceName,Number,AcctDate)VALUES  ('客户三','报价',5555,'2020-09-16')
INSERT INTO dbo.Sys_FACostAnalysis(DeviceType,DeviceName,Number,AcctDate)VALUES  ('客户三','实际',6666,'2020-09-16')
INSERT INTO dbo.Sys_FACostAnalysis(DeviceType,DeviceName,Number,AcctDate)VALUES  ('客户四','报价',7777,'2020-09-16')
INSERT INTO dbo.Sys_FACostAnalysis(DeviceType,DeviceName,Number,AcctDate)VALUES  ('客户四','实际',8888,'2020-09-16')
INSERT INTO dbo.Sys_FACostAnalysis(DeviceType,DeviceName,Number,AcctDate)VALUES  ('客户五','报价',9999,'2020-09-16')
INSERT INTO dbo.Sys_FACostAnalysis(DeviceType,DeviceName,Number,AcctDate)VALUES  ('客户五','实际',1000,'2020-09-16')


CREATE TABLE Sys_FACostAnalysisNotCust --财务分析:成本分析
(
	id int identity (1,1) primary KEY,
	DeviceType varchar(50)  NULL, --设备类型
	DeviceName varchar(50)  NULL,--设备名
	Number INT,--数据
	AcctDate DATE,--数据日期
	CreationTime DATETIME not null default getdate(),--创建时间
	IsEffective int DEFAULT 1 -- 0 无效 1 有效 1显示
)

INSERT INTO Sys_FACostAnalysisNotCust(DeviceType,DeviceName,Number,AcctDate)VALUES  ('客户一','报价',5000,'2020-09-15')
INSERT INTO Sys_FACostAnalysisNotCust(DeviceType,DeviceName,Number,AcctDate)VALUES  ('客户一','预估',6000,'2020-09-15')
INSERT INTO Sys_FACostAnalysisNotCust(DeviceType,DeviceName,Number,AcctDate)VALUES  ('客户一','实际',7000,'2020-09-15')
INSERT INTO Sys_FACostAnalysisNotCust(DeviceType,DeviceName,Number,AcctDate)VALUES  ('客户二','报价',2000,'2020-09-15')
INSERT INTO Sys_FACostAnalysisNotCust(DeviceType,DeviceName,Number,AcctDate)VALUES  ('客户二','预估',3000,'2020-09-15')
INSERT INTO Sys_FACostAnalysisNotCust(DeviceType,DeviceName,Number,AcctDate)VALUES  ('客户二','实际',1111,'2020-09-15')
INSERT INTO Sys_FACostAnalysisNotCust(DeviceType,DeviceName,Number,AcctDate)VALUES  ('客户三','报价',3000,'2020-09-15')
INSERT INTO Sys_FACostAnalysisNotCust(DeviceType,DeviceName,Number,AcctDate)VALUES  ('客户三','报价',4000,'2020-09-15')
INSERT INTO Sys_FACostAnalysisNotCust(DeviceType,DeviceName,Number,AcctDate)VALUES  ('客户三','实际',2222,'2020-09-15')
INSERT INTO Sys_FACostAnalysisNotCust(DeviceType,DeviceName,Number,AcctDate)VALUES  ('客户四','报价',4000,'2020-09-15')
INSERT INTO Sys_FACostAnalysisNotCust(DeviceType,DeviceName,Number,AcctDate)VALUES  ('客户四','预估',5000,'2020-09-15')
INSERT INTO Sys_FACostAnalysisNotCust(DeviceType,DeviceName,Number,AcctDate)VALUES  ('客户四','实际',3333,'2020-09-15')
INSERT INTO Sys_FACostAnalysisNotCust(DeviceType,DeviceName,Number,AcctDate)VALUES  ('客户五','报价',6000,'2020-09-15')
INSERT INTO Sys_FACostAnalysisNotCust(DeviceType,DeviceName,Number,AcctDate)VALUES  ('客户五','预估',7000,'2020-09-15')
INSERT INTO Sys_FACostAnalysisNotCust(DeviceType,DeviceName,Number,AcctDate)VALUES  ('客户五','实际',4444,'2020-09-15')

INSERT INTO Sys_FACostAnalysisNotCust(DeviceType,DeviceName,Number,AcctDate)VALUES  ('客户一','报价',1111,'2020-09-16')
INSERT INTO Sys_FACostAnalysisNotCust(DeviceType,DeviceName,Number,AcctDate)VALUES  ('客户一','预估',2111,'2020-09-16')
INSERT INTO Sys_FACostAnalysisNotCust(DeviceType,DeviceName,Number,AcctDate)VALUES  ('客户一','实际',2222,'2020-09-16')
INSERT INTO Sys_FACostAnalysisNotCust(DeviceType,DeviceName,Number,AcctDate)VALUES  ('客户二','报价',3333,'2020-09-16')
INSERT INTO Sys_FACostAnalysisNotCust(DeviceType,DeviceName,Number,AcctDate)VALUES  ('客户二','预估',4333,'2020-09-16')
INSERT INTO Sys_FACostAnalysisNotCust(DeviceType,DeviceName,Number,AcctDate)VALUES  ('客户二','实际',4444,'2020-09-16')
INSERT INTO Sys_FACostAnalysisNotCust(DeviceType,DeviceName,Number,AcctDate)VALUES  ('客户三','报价',5555,'2020-09-16')
INSERT INTO Sys_FACostAnalysisNotCust(DeviceType,DeviceName,Number,AcctDate)VALUES  ('客户三','预估',6555,'2020-09-16')
INSERT INTO Sys_FACostAnalysisNotCust(DeviceType,DeviceName,Number,AcctDate)VALUES  ('客户三','实际',6666,'2020-09-16')
INSERT INTO Sys_FACostAnalysisNotCust(DeviceType,DeviceName,Number,AcctDate)VALUES  ('客户四','报价',7777,'2020-09-16')
INSERT INTO Sys_FACostAnalysisNotCust(DeviceType,DeviceName,Number,AcctDate)VALUES  ('客户四','预估',8777,'2020-09-16')
INSERT INTO Sys_FACostAnalysisNotCust(DeviceType,DeviceName,Number,AcctDate)VALUES  ('客户四','实际',8888,'2020-09-16')
INSERT INTO Sys_FACostAnalysisNotCust(DeviceType,DeviceName,Number,AcctDate)VALUES  ('客户五','报价',9999,'2020-09-16')
INSERT INTO Sys_FACostAnalysisNotCust(DeviceType,DeviceName,Number,AcctDate)VALUES  ('客户五','预估',1999,'2020-09-16')
INSERT INTO Sys_FACostAnalysisNotCust(DeviceType,DeviceName,Number,AcctDate)VALUES  ('客户五','实际',1000,'2020-09-16')

CREATE TABLE Sys_FACostShare --财务分析:外协自制成本占比
(
	id int identity (1,1) primary KEY,
	DeviceType varchar(50)  NULL, --设备类型
	DeviceName varchar(50)  NULL,--设备名
	Number INT,--数据
	CreationTime DATETIME not null default getdate(),--创建时间
	IsEffective int DEFAULT 1 -- 0 无效 1 有效 1显示
)
INSERT INTO Sys_FACostShare(DeviceType,DeviceName,Number)VALUES  ('CNC01','产能',95)
INSERT INTO Sys_FACostShare(DeviceType,DeviceName,Number)VALUES  ('CNC01','负荷',100)
INSERT INTO Sys_FACostShare(DeviceType,DeviceName,Number)VALUES  ('CNC02','产能',88)
INSERT INTO Sys_FACostShare(DeviceType,DeviceName,Number)VALUES  ('CNC02','负荷',100)
INSERT INTO Sys_FACostShare(DeviceType,DeviceName,Number)VALUES  ('CNC03','产能',50)
INSERT INTO Sys_FACostShare(DeviceType,DeviceName,Number)VALUES  ('CNC03','负荷',30)
INSERT INTO Sys_FACostShare(DeviceType,DeviceName,Number)VALUES  ('CNC04','产能',30)
INSERT INTO Sys_FACostShare(DeviceType,DeviceName,Number)VALUES  ('CNC04','负荷',25)
INSERT INTO Sys_FACostShare(DeviceType,DeviceName,Number)VALUES  ('CNC05','产能',60)
INSERT INTO Sys_FACostShare(DeviceType,DeviceName,Number)VALUES  ('CNC05','负荷',90)

CREATE table Sys_FACostComparison  --财务分析:成本对比表
(  
id int identity (1,1) primary key , 
Customer varchar(50)  NULL, --客户
MoldNo varchar(50)  NULL,--模具编号
MoldName varchar(50)  NULL,--模具名称
ReceivingDate DATE, --接单日期
DeliveryDate DATE, --交付交期
QuotedPrice FLOAT, --报价
QuotationStaff varchar(50)  NULL,--报价人员
ProcessEstimation FLOAT, --工艺预估
ActualCost FLOAT, --实际成本
DifferenceAmount varchar(50)  NULL,--差异金额
DifferenceRatio varchar(50)  NULL,--差异比例
CreationTime DATETIME not null default getdate(),--创建时间
IsEffective int DEFAULT 1 -- 0 无效 1 有效 1显示
) 
INSERT INTO Sys_FACostComparison(Customer,MoldNo,MoldName,ReceivingDate,DeliveryDate,QuotedPrice,QuotationStaff,ProcessEstimation,ActualCost,DifferenceAmount,DifferenceRatio)VALUES
('APPLE','216[TO]','x12中框',GETDATE(),GETDATE(),100000,'报价员',90000,110000,10000,'10%')


CREATE TABLE Sys_SHDepartmentLoad --排程主页：各部门负载
(
	id int identity (1,1) primary KEY,
	DeviceType varchar(50)  NULL, --设备类型
	DeviceName varchar(50)  NULL,--设备名
	Number INT,--合格率
	CreationTime DATETIME not null default getdate(),--创建时间
	IsEffective int DEFAULT 1 -- 0 无效 1 有效 1显示
) 
INSERT INTO dbo.Sys_SHDepartmentLoad(DeviceType,DeviceName,Number)VALUES  ('CNC钢料A组','产能',300)
INSERT INTO dbo.Sys_SHDepartmentLoad(DeviceType,DeviceName,Number)VALUES  ('CNC钢料A组','负荷',200)
INSERT INTO dbo.Sys_SHDepartmentLoad(DeviceType,DeviceName,Number)VALUES  ('CNC钢料B组','产能',320)
INSERT INTO dbo.Sys_SHDepartmentLoad(DeviceType,DeviceName,Number)VALUES  ('CNC钢料B组','负荷',120)
INSERT INTO dbo.Sys_SHDepartmentLoad(DeviceType,DeviceName,Number)VALUES  ('CNC电极组','产能',40)
INSERT INTO dbo.Sys_SHDepartmentLoad(DeviceType,DeviceName,Number)VALUES  ('CNC电极组','负荷',200)
INSERT INTO dbo.Sys_SHDepartmentLoad(DeviceType,DeviceName,Number)VALUES  ('EDM放电A组','产能',220)
INSERT INTO dbo.Sys_SHDepartmentLoad(DeviceType,DeviceName,Number)VALUES  ('EDM放电A组','负荷',280)
INSERT INTO dbo.Sys_SHDepartmentLoad(DeviceType,DeviceName,Number)VALUES  ('EDM放电B组','产能',250)
INSERT INTO dbo.Sys_SHDepartmentLoad(DeviceType,DeviceName,Number)VALUES  ('EDM放电B组','负荷',200)
INSERT INTO dbo.Sys_SHDepartmentLoad(DeviceType,DeviceName,Number)VALUES  ('钳工A组','产能',300)
INSERT INTO dbo.Sys_SHDepartmentLoad(DeviceType,DeviceName,Number)VALUES  ('钳工A组','负荷',200)

CREATE table Sys_SHToScheduleList  --排程主页:待排程版本清单 Or 超期的版本预期清单
(  
id int identity (1,1) primary key , 
MoldNumber varchar(50)  NULL,--模具号
PartNumber varchar(50)  NULL,--零件编号
PlannedEquipment varchar(50)  NULL,--计划设备
StartTime DATETIME, --开始时间
ENDTime DATETIME, --结束时间
WorkingHours varchar(50)  NULL,--标准工时
Customer  varchar(50)  NULL,--客户
MoldKernelMaterial varchar(50)  NULL,--模仁材质
ListType INT,--清单类型  1:待排程版本清单  2:超期的版本预期清单 
CreationTime DATETIME not null default getdate(),--创建时间
IsEffective int DEFAULT 1 -- 0 无效 1 有效 1显示
) 

INSERT INTO Sys_SHToScheduleList(MoldNumber,PartNumber,PlannedEquipment,StartTime,ENDTime,WorkingHours,Customer,MoldKernelMaterial,ListType)VALUES
('ILK9007','253055','GF01',GETDATE() ,GETDATE(),2,'Ineer','84.7',1)
INSERT INTO Sys_SHToScheduleList(MoldNumber,PartNumber,PlannedEquipment,StartTime,ENDTime,WorkingHours,Customer,MoldKernelMaterial,ListType)VALUES
('ILK9007','253055','GF01',GETDATE() ,GETDATE(),2,'Ineer','84.7',2)


CREATE TABLE Sys_MHInventoryProfile --物料主页(仓库管理主页)：库存概况
(
	id int identity (1,1) primary KEY,
	DeviceType varchar(50)  NULL, --设备类型
	DeviceName varchar(50)  NULL,--设备名
	Number INT,--合格率
	CreationTime DATETIME not null default getdate(),--创建时间
	IsEffective int DEFAULT 1 -- 0 无效 1 有效 1显示
) 
INSERT INTO dbo.Sys_MHInventoryProfile(DeviceType,DeviceName,Number)VALUES  ('CNC钢料A组','产能',300)
INSERT INTO dbo.Sys_MHInventoryProfile(DeviceType,DeviceName,Number)VALUES  ('CNC钢料A组','负荷',200)
INSERT INTO dbo.Sys_MHInventoryProfile(DeviceType,DeviceName,Number)VALUES  ('CNC钢料B组','产能',320)
INSERT INTO dbo.Sys_MHInventoryProfile(DeviceType,DeviceName,Number)VALUES  ('CNC钢料B组','负荷',120)
INSERT INTO dbo.Sys_MHInventoryProfile(DeviceType,DeviceName,Number)VALUES  ('CNC电极组','产能',40)
INSERT INTO dbo.Sys_MHInventoryProfile(DeviceType,DeviceName,Number)VALUES  ('CNC电极组','负荷',200)
INSERT INTO dbo.Sys_MHInventoryProfile(DeviceType,DeviceName,Number)VALUES  ('EDM放电A组','产能',220)
INSERT INTO dbo.Sys_MHInventoryProfile(DeviceType,DeviceName,Number)VALUES  ('EDM放电A组','负荷',280)
INSERT INTO dbo.Sys_MHInventoryProfile(DeviceType,DeviceName,Number)VALUES  ('EDM放电B组','产能',250)
INSERT INTO dbo.Sys_MHInventoryProfile(DeviceType,DeviceName,Number)VALUES  ('EDM放电B组','负荷',200)
INSERT INTO dbo.Sys_MHInventoryProfile(DeviceType,DeviceName,Number)VALUES  ('钳工A组','产能',300)
INSERT INTO dbo.Sys_MHInventoryProfile(DeviceType,DeviceName,Number)VALUES  ('钳工A组','负荷',200)

CREATE table Sys_MHWorkpieceList  --物料主页(仓库管理主页):待备料工件清单 Or 外协工件清单
(  
id int identity (1,1) primary key , 
MoldNumber varchar(50)  NULL,--模具号
PartNumber varchar(50)  NULL,--零件编号
PlannedEquipment varchar(50)  NULL,--计划设备
StartTime DATETIME, --开始时间
ENDTime DATETIME, --结束时间
WorkingHours varchar(50)  NULL,--标准工时
Customer  varchar(50)  NULL,--客户
MoldKernelMaterial varchar(50)  NULL,--模仁材质
ListType INT,--清单类型  1:待备料工件清单  2:外协工件清单 
CreationTime DATETIME not null default getdate(),--创建时间
IsEffective int DEFAULT 1 -- 0 无效 1 有效 1显示
) 

INSERT INTO Sys_MHWorkpieceList(MoldNumber,PartNumber,PlannedEquipment,StartTime,ENDTime,WorkingHours,Customer,MoldKernelMaterial,ListType)VALUES
('ILK9007','253055','GF01',GETDATE() ,GETDATE(),2,'Ineer','84.7',1)
INSERT INTO Sys_MHWorkpieceList(MoldNumber,PartNumber,PlannedEquipment,StartTime,ENDTime,WorkingHours,Customer,MoldKernelMaterial,ListType)VALUES
('ILK9007','253055','GF01',GETDATE() ,GETDATE(),2,'Ineer','84.7',2)



CREATE TABLE Sys_EMEquipmentStatus--设备管理:设备状态分布
(
	id int identity (1,1) primary KEY,
	Type varchar(50)  NULL,--类型
	Cost INT , --成本
	CreationTime DATETIME not null default getdate(),--创建时间
	IsEffective int DEFAULT 1 -- 0 无效 1 有效 1显示
)
INSERT dbo.Sys_EMEquipmentStatus(Type,Cost)VALUES('正常',18)
INSERT dbo.Sys_EMEquipmentStatus(Type,Cost)VALUES('维护',4) 
INSERT dbo.Sys_EMEquipmentStatus(Type,Cost)VALUES('故障',4)
INSERT dbo.Sys_EMEquipmentStatus(Type,Cost)VALUES('报废',2) 


CREATE table Sys_EMEquipmentList--设备管理:设备清单
(  
	id int identity (1,1) primary key , 
	Number varchar(50)  NULL,--编号
	Name varchar(50)  NULL,--名称
	Brand varchar(50)  NULL,--品牌
	Department  varchar(50)  NULL,--部门
	State varchar(50)  NULL,--状态
	DateArrival DATE,--入厂日期
	CreationTime DATETIME not null default getdate(),--创建时间
	IsEffective int DEFAULT 1 -- 0 无效 1 有效 1显示
) 
INSERT INTO  Sys_EMEquipmentList(Number,Name,Brand,Department,State,DateArrival)VALUES('20OC2003','车铣','车铣','技术部','加工中',GETDATE())

CREATE table Sys_EMMaintainPlan--设备管理:保养计划
(  
	id int identity (1,1) primary key , 
	EquipmentNumber varchar(50)  NULL,--设备编号
	EquipmentName varchar(50)  NULL,--设备名称
	Department  varchar(50)  NULL,--部门
	MaintainPlan varchar(50)  NULL,--保养计划
	MaintainType varchar(50)  NULL,--保养类型
	PlanStartTime DATE,--计划开始时间
	PlanEndTime DATE,--计划结束时间
	Remarks varchar(200)  NULL,--保养备注
	CreationTime DATETIME not null default getdate(),--创建时间
	IsEffective int DEFAULT 1 -- 0 无效 1 有效 1显示
) 
INSERT INTO Sys_EMMaintainPlan(EquipmentNumber,EquipmentName,Department,MaintainPlan,MaintainType,PlanStartTime,PlanEndTime,Remarks)VALUES
('EDM01','放电机01号','电火花组','EDM月度保养','月度保养',GETDATE(),GETDATE(),'')

CREATE table Sys_EMMaintainHistory--设备管理:保养历史
(  
	id int identity (1,1) primary key , 
	EquipmentNumber varchar(50)  NULL,--设备编号
	EquipmentName varchar(50)  NULL,--设备名称
	Department  varchar(50)  NULL,--部门
	MaintainPlan varchar(50)  NULL,--保养计划
	MaintainType varchar(50)  NULL,--保养类型
	MaintainPersonnel varchar(50)  NULL,--保养人员
	MaintainTime DATE,--保养时间
	MaintainRecord varchar(200)  NULL,--保养记录
	CreationTime DATETIME not null default getdate(),--创建时间
	IsEffective int DEFAULT 1 -- 0 无效 1 有效 1显示
) 
INSERT INTO Sys_EMMaintainHistory(EquipmentNumber,EquipmentName,Department,MaintainPlan,MaintainType,MaintainPersonnel,MaintainTime,MaintainRecord)VALUES
('EDM01','放电机01号','电火花组','EDM月度保养','月度保养','001',GETDATE(),'')



CREATE TABLE Sys_EMMaintainAnalysis--设备管理:维修分析
(
	id int identity (1,1) primary KEY,
	Type varchar(50)  NULL,--类型
	Cost INT , --成本
	CreationTime DATETIME not null default getdate(),--创建时间
	IsEffective int DEFAULT 1 -- 0 无效 1 有效 1显示
)
INSERT dbo.Sys_EMMaintainAnalysis(Type,Cost)VALUES('CNC01',3)
INSERT dbo.Sys_EMMaintainAnalysis(Type,Cost)VALUES('CNC02',4) 
INSERT dbo.Sys_EMMaintainAnalysis(Type,Cost)VALUES('EDM01',2)
INSERT dbo.Sys_EMMaintainAnalysis(Type,Cost)VALUES('EDM02',2) 




CREATE TABLE Sys_EMMaintainAnalysisDepartment --设备管理:维修分析(部门)
(
	id int identity (1,1) primary KEY,
	DeviceType varchar(50)  NULL, --设备类型
	DeviceName varchar(50)  NULL,--设备名
	Number INT,--数据
	AcctDate DATE,--数据日期  ---  月 季（3个月）  半年  年
	CreationTime DATETIME not null default getdate(),--创建时间
	IsEffective int DEFAULT 1 -- 0 无效 1 有效 1显示
)
INSERT INTO Sys_EMMaintainAnalysisDepartment(DeviceType,DeviceName,Number,AcctDate)VALUES  ('CNC钢材A组','维修分析(部门)',3,GETDATE())
INSERT INTO Sys_EMMaintainAnalysisDepartment(DeviceType,DeviceName,Number,AcctDate)VALUES  ('CNC钢材B组','维修分析(部门)',14,GETDATE())
INSERT INTO Sys_EMMaintainAnalysisDepartment(DeviceType,DeviceName,Number,AcctDate)VALUES  ('EDM钢材A组','维修分析(部门)',10,GETDATE())
INSERT INTO Sys_EMMaintainAnalysisDepartment(DeviceType,DeviceName,Number,AcctDate)VALUES  ('EDM钢材B组','维修分析(部门)',6,GETDATE())
INSERT INTO Sys_EMMaintainAnalysisDepartment(DeviceType,DeviceName,Number,AcctDate)VALUES  ('钳工A组','维修分析(部门)',14,GETDATE())

CREATE TABLE Sys_EMMaintainAnalysisReason --设备管理:维修分析(原因)
(
	id int identity (1,1) primary KEY,
	Name varchar(50)  NULL,--物品
	Cost FLOAT , --成本
	CreationTime DATETIME not null default getdate(),--创建时间
	IsEffective int DEFAULT 1 -- 0 无效 1 有效 1显示
)
INSERT Sys_EMMaintainAnalysisReason(Name,Cost)VALUES  ('电器',40)
INSERT Sys_EMMaintainAnalysisReason(Name,Cost)VALUES  ('机械',20)
INSERT Sys_EMMaintainAnalysisReason(Name,Cost)VALUES  ('人为',20)
INSERT Sys_EMMaintainAnalysisReason(Name,Cost)VALUES  ('系统',20)

CREATE table Sys_EMMaintainRecords--设备管理:维修记录表
(  
	id int identity (1,1) primary key , 
	RepairOrderNo varchar(50)  NULL,--报修单号
	RepairDepartment varchar(50)  NULL,--报修部门
	RepairEquipment  varchar(50)  NULL,--报修设备
	RepairPersonnel varchar(50)  NULL,--报修人员
	FaultDescription varchar(50)  NULL,--故障描述
	ServiceNumber varchar(50)  NULL,--维修编号
	ServiceType varchar(50)  NULL,--维修类型
	Supplier varchar(50)  NULL,--维修人员/外修供应商
	FaultCategory varchar(50)  NULL,--故障类别
	MaintainPrice FLOAT,--外修价格
	State varchar(50)  NULL,--状态
	CreationTime DATETIME not null default getdate(),--创建时间
	IsEffective int DEFAULT 1 -- 0 无效 1 有效 1显示
) 
INSERT INTO Sys_EMMaintainRecords(RepairOrderNo,RepairDepartment,RepairEquipment,RepairPersonnel,FaultDescription,ServiceNumber,ServiceType,Supplier,FaultCategory,MaintainPrice,State)VALUES
('BX190613001','加工中心','CNC03','张山','无法开机','WX190614003','内修','赵四','电气故障',3000,'已修好')
INSERT INTO Sys_EMMaintainRecords(RepairOrderNo,RepairDepartment,RepairEquipment,RepairPersonnel,FaultDescription,ServiceNumber,ServiceType,Supplier,FaultCategory,MaintainPrice,State)VALUES
('BX190613001','火花机','EDM05','张山','快要爆炸了','WX190614003','外修','LOL英雄联盟','机械故障',10000,'已修好')


CREATE TABLE Sys_PHProgressAnalysis --计划主页：计划与实际进度分析
(
	id int identity (1,1) primary KEY,
	DeviceType varchar(50)  NULL, --设备类型
	DeviceName varchar(50)  NULL,--设备名
	Number INT,--合格率
	CreationTime DATETIME not null default getdate(),--创建时间
	IsEffective int DEFAULT 1 -- 0 无效 1 有效 1显示
) 
INSERT INTO Sys_PHProgressAnalysis(DeviceType,DeviceName,Number)VALUES  ('CNC钢料A组','计划进度',82)
INSERT INTO Sys_PHProgressAnalysis(DeviceType,DeviceName,Number)VALUES  ('CNC钢料A组','实际进度',58)
INSERT INTO Sys_PHProgressAnalysis(DeviceType,DeviceName,Number)VALUES  ('CNC钢料B组','计划进度',86)
INSERT INTO Sys_PHProgressAnalysis(DeviceType,DeviceName,Number)VALUES  ('CNC钢料B组','实际进度',34)
INSERT INTO Sys_PHProgressAnalysis(DeviceType,DeviceName,Number)VALUES  ('CNC电极组','计划进度',18)
INSERT INTO Sys_PHProgressAnalysis(DeviceType,DeviceName,Number)VALUES  ('CNC电极组','实际进度',58)
INSERT INTO Sys_PHProgressAnalysis(DeviceType,DeviceName,Number)VALUES  ('EDM放电A组','计划进度',75)
INSERT INTO Sys_PHProgressAnalysis(DeviceType,DeviceName,Number)VALUES  ('EDM放电A组','实际进度',82)
INSERT INTO Sys_PHProgressAnalysis(DeviceType,DeviceName,Number)VALUES  ('EDM放电B组','计划进度',72)
INSERT INTO Sys_PHProgressAnalysis(DeviceType,DeviceName,Number)VALUES  ('EDM放电B组','实际进度',58)
INSERT INTO Sys_PHProgressAnalysis(DeviceType,DeviceName,Number)VALUES  ('钳工A组','计划进度',82)
INSERT INTO Sys_PHProgressAnalysis(DeviceType,DeviceName,Number)VALUES  ('钳工A组','实际进度',58)


CREATE table Sys_PHCustomerList  --计划主页:客户清单
(  
id int identity (1,1) primary key , 
CustomerName varchar(50)  NULL, --客户名
CustomerCode  varchar(50)  NULL,--客户代码
CustomerContact varchar(50)  NULL,--客户联系人
LeadingCadre varchar(50)  NULL,--内部负责人
DeliveryRate varchar(50)  NULL,--交付率
MouldNumber INT,--在制模具数量
NormalMold  INT,--进度正常模具
DelayMould  INT,--延期模具
Colour varchar(50)  NULL,  --灯的颜色
CreationTime DATETIME not null default getdate(),--创建时间
IsEffective int DEFAULT 1 -- 0 无效 1 有效 1显示
)  
INSERT INTO Sys_PHCustomerList(CustomerName,CustomerCode,CustomerContact,LeadingCadre,DeliveryRate,MouldNumber,NormalMold,DelayMould,Colour)VALUES
('TH','IK19003','张','张三','89%',12,10,2,'#006600')
INSERT INTO Sys_PHCustomerList(CustomerName,CustomerCode,CustomerContact,LeadingCadre,DeliveryRate,MouldNumber,NormalMold,DelayMould,Colour)VALUES
('TF','IK19004','李','张四','97%',12,10,2,'#FF0000')


CREATE TABLE Sys_QEHAbnormalProportion --品质工程师主页:异常处理结果比例
(
	id int identity (1,1) primary KEY,
	Name varchar(50)  NULL,--物品
	Cost FLOAT , --成本
	CreationTime DATETIME not null default getdate(),--创建时间
	IsEffective int DEFAULT 1 -- 0 无效 1 有效 1显示
)
INSERT Sys_QEHAbnormalProportion(Name,Cost)VALUES  ('特采',18)
INSERT Sys_QEHAbnormalProportion(Name,Cost)VALUES  ('报废',18)
INSERT Sys_QEHAbnormalProportion(Name,Cost)VALUES  ('返修',10)
INSERT Sys_QEHAbnormalProportion(Name,Cost)VALUES  ('返工',8)


CREATE table Sys_QEHAbnormalStatistics--品质工程师主页:异常处理结果统计
(  
	id int identity (1,1) primary key , 
	MouldNo varchar(50)  NULL,--模具单号
	ModuleNumber varchar(50)  NULL,--模号
	PartNumber varchar(50)  NULL,--工件号
	AbnormalJobNumber  varchar(50)  NULL,--异常工号
	TreatmentMethod varchar(50)  NULL,--处理方式
	AcctDate DATE,--处理时间
	CreationTime DATETIME not null default getdate(),--创建时间
	IsEffective int DEFAULT 1 -- 0 无效 1 有效 1显示
) 
INSERT INTO  Sys_QEHAbnormalStatistics(MouldNo,ModuleNumber,PartNumber,AbnormalJobNumber,TreatmentMethod,AcctDate)VALUES('T2','IK007','新填','边模','返工',GETDATE())

CREATE TABLE Sys_QEHAbnormalRatio--品质工程师主页:异常严重等级统计、比例
(
	id int identity (1,1) primary KEY,
	Type varchar(50)  NULL,--类型
	Cost INT , --成本
	CreationTime DATETIME not null default getdate(),--创建时间
	IsEffective int DEFAULT 1 -- 0 无效 1 有效 1显示
)
INSERT Sys_QEHAbnormalRatio(Type,Cost)VALUES('一级',18)
INSERT Sys_QEHAbnormalRatio(Type,Cost)VALUES('二级',4) 
INSERT Sys_QEHAbnormalRatio(Type,Cost)VALUES('三级',4)
INSERT Sys_QEHAbnormalRatio(Type,Cost)VALUES('四级',2) 


CREATE TABLE Sys_QEHAnomaliesNumber --品质工程师主页：异常已处理、待处理数量比例
(
	id int identity (1,1) primary KEY,
	DeviceType varchar(50)  NULL, --设备类型
	DeviceName varchar(50)  NULL,--设备名
	Number INT,--合格率
	CreationTime DATETIME not null default getdate(),--创建时间
	IsEffective int DEFAULT 1 -- 0 无效 1 有效 1显示
) 
INSERT INTO Sys_QEHAnomaliesNumber(DeviceType,DeviceName,Number)VALUES  ('CNC钢料A组','产能',7)
INSERT INTO Sys_QEHAnomaliesNumber(DeviceType,DeviceName,Number)VALUES  ('CNC钢料A组','负荷',5)
INSERT INTO Sys_QEHAnomaliesNumber(DeviceType,DeviceName,Number)VALUES  ('CNC钢料B组','产能',7)
INSERT INTO Sys_QEHAnomaliesNumber(DeviceType,DeviceName,Number)VALUES  ('CNC钢料B组','负荷',7)
INSERT INTO Sys_QEHAnomaliesNumber(DeviceType,DeviceName,Number)VALUES  ('CNC电极组','产能',4)
INSERT INTO Sys_QEHAnomaliesNumber(DeviceType,DeviceName,Number)VALUES  ('CNC电极组','负荷',2)
INSERT INTO Sys_QEHAnomaliesNumber(DeviceType,DeviceName,Number)VALUES  ('EDM放电A组','产能',5)
INSERT INTO Sys_QEHAnomaliesNumber(DeviceType,DeviceName,Number)VALUES  ('EDM放电A组','负荷',6)
INSERT INTO Sys_QEHAnomaliesNumber(DeviceType,DeviceName,Number)VALUES  ('EDM放电B组','产能',5)
INSERT INTO Sys_QEHAnomaliesNumber(DeviceType,DeviceName,Number)VALUES  ('EDM放电B组','负荷',6)
INSERT INTO Sys_QEHAnomaliesNumber(DeviceType,DeviceName,Number)VALUES  ('钳工A组','产能',2)
INSERT INTO Sys_QEHAnomaliesNumber(DeviceType,DeviceName,Number)VALUES  ('钳工A组','负荷',4)

CREATE table Sys_QEHAnomaliesList--品质工程师主页:待处理异常清单
(  
	id int identity (1,1) primary key , 
	AbnormalOrderNumber varchar(50)  NULL,--异常单号
	ModuleNumber varchar(50)  NULL,--模号
	VersionNumber varchar(50)  NULL,--版本号
	Workpiece  varchar(50)  NULL,--工件
	WorkingProcedure varchar(50)  NULL,--工序
	AbnormalCauses  varchar(50)  NULL,--异常原因
	CreationTime DATETIME not null default getdate(),--创建时间
	IsEffective int DEFAULT 1 -- 0 无效 1 有效 1显示
) 

INSERT INTO Sys_QEHAnomaliesList(AbnormalOrderNumber,ModuleNumber,VersionNumber,Workpiece,WorkingProcedure,AbnormalCauses)VALUES
('8407','IKL9001','01','CNC01','铣床','边模')



CREATE table Sys_DHDesignTaskList--设计主页:设计任务清单
(  
	id int identity (1,1) primary key , 
	ModuleNumber varchar(50)  NULL,--模号
	VersionNumber varchar(50)  NULL,--版本号
	PlanStartTime DATETIME,--计划开始时间
	PlanEndTime DATETIME,--计划结束时间
	CreationTime DATETIME not null default getdate(),--创建时间
	IsEffective int DEFAULT 1 -- 0 无效 1 有效 1显示
) 
INSERT INTO Sys_DHDesignTaskList(ModuleNumber,VersionNumber,PlanStartTime,PlanEndTime)VALUES('铣床','01',getdate(),getdate())


CREATE TABLE Sys_DHDesignReportStatistics --设计主页:设计报工统计
(
	id int identity (1,1) primary KEY,
	DeviceType varchar(50)  NULL, --设备类型
	DeviceName varchar(50)  NULL,--设备名
	Number INT,--数据
	AcctDate DATE,--数据日期
	CreationTime DATETIME not null default getdate(),--创建时间
	IsEffective int DEFAULT 1 -- 0 无效 1 有效 1显示
)

INSERT INTO Sys_DHDesignReportStatistics(DeviceType,DeviceName,Number,AcctDate)VALUES  ('员工1','设计报工统计',10,'2020-09-22')
INSERT INTO Sys_DHDesignReportStatistics(DeviceType,DeviceName,Number,AcctDate)VALUES  ('员工2','设计报工统计',4,'2020-09-22')
INSERT INTO Sys_DHDesignReportStatistics(DeviceType,DeviceName,Number,AcctDate)VALUES  ('员工3','设计报工统计',6,'2020-09-22')
INSERT INTO Sys_DHDesignReportStatistics(DeviceType,DeviceName,Number,AcctDate)VALUES  ('员工4','设计报工统计',8,'2020-09-22')
INSERT INTO Sys_DHDesignReportStatistics(DeviceType,DeviceName,Number,AcctDate)VALUES  ('员工5','设计报工统计',2,'2020-09-22')

INSERT INTO Sys_DHDesignReportStatistics(DeviceType,DeviceName,Number,AcctDate)VALUES  ('员工1','设计报工统计',20,'2020-09-23')
INSERT INTO Sys_DHDesignReportStatistics(DeviceType,DeviceName,Number,AcctDate)VALUES  ('员工2','设计报工统计',14,'2020-09-23')
INSERT INTO Sys_DHDesignReportStatistics(DeviceType,DeviceName,Number,AcctDate)VALUES  ('员工3','设计报工统计',16,'2020-09-23')
INSERT INTO Sys_DHDesignReportStatistics(DeviceType,DeviceName,Number,AcctDate)VALUES  ('员工4','设计报工统计',18,'2020-09-23')
INSERT INTO Sys_DHDesignReportStatistics(DeviceType,DeviceName,Number,AcctDate)VALUES  ('员工5','设计报工统计',12,'2020-09-23')
--Sys_FACostAnalysis


CREATE TABLE Sys_DHDesignComparison --设计主页:设计计划与实际对比
(
	id int identity (1,1) primary KEY,
	DeviceType varchar(50)  NULL, --设备类型
	DeviceName varchar(50)  NULL,--设备名
	Number INT,--数据
	AcctDate DATE,--数据日期
	CreationTime DATETIME not null default getdate(),--创建时间
	IsEffective int DEFAULT 1 -- 0 无效 1 有效 1显示
)
INSERT INTO Sys_DHDesignComparison(DeviceType,DeviceName,Number,AcctDate)VALUES  ('员工1','计划',5,'2020-09-22')
INSERT INTO Sys_DHDesignComparison(DeviceType,DeviceName,Number,AcctDate)VALUES  ('员工1','实际',7,'2020-09-22')
INSERT INTO Sys_DHDesignComparison(DeviceType,DeviceName,Number,AcctDate)VALUES  ('员工2','计划',2,'2020-09-22')
INSERT INTO Sys_DHDesignComparison(DeviceType,DeviceName,Number,AcctDate)VALUES  ('员工2','实际',1,'2020-09-22')
INSERT INTO Sys_DHDesignComparison(DeviceType,DeviceName,Number,AcctDate)VALUES  ('员工3','计划',3,'2020-09-22')
INSERT INTO Sys_DHDesignComparison(DeviceType,DeviceName,Number,AcctDate)VALUES  ('员工3','实际',2,'2020-09-22')
INSERT INTO Sys_DHDesignComparison(DeviceType,DeviceName,Number,AcctDate)VALUES  ('员工4','计划',4,'2020-09-22')
INSERT INTO Sys_DHDesignComparison(DeviceType,DeviceName,Number,AcctDate)VALUES  ('员工4','实际',3,'2020-09-22')
INSERT INTO Sys_DHDesignComparison(DeviceType,DeviceName,Number,AcctDate)VALUES  ('员工5','计划',6,'2020-09-22')
INSERT INTO Sys_DHDesignComparison(DeviceType,DeviceName,Number,AcctDate)VALUES  ('员工5','实际',4,'2020-09-22')

INSERT INTO Sys_DHDesignComparison(DeviceType,DeviceName,Number,AcctDate)VALUES  ('员工1','计划',5,'2020-09-23')
INSERT INTO Sys_DHDesignComparison(DeviceType,DeviceName,Number,AcctDate)VALUES  ('员工1','实际',7,'2020-09-23')
INSERT INTO Sys_DHDesignComparison(DeviceType,DeviceName,Number,AcctDate)VALUES  ('员工2','计划',2,'2020-09-23')
INSERT INTO Sys_DHDesignComparison(DeviceType,DeviceName,Number,AcctDate)VALUES  ('员工2','实际',1,'2020-09-23')
INSERT INTO Sys_DHDesignComparison(DeviceType,DeviceName,Number,AcctDate)VALUES  ('员工3','计划',3,'2020-09-23')
INSERT INTO Sys_DHDesignComparison(DeviceType,DeviceName,Number,AcctDate)VALUES  ('员工3','实际',2,'2020-09-23')
INSERT INTO Sys_DHDesignComparison(DeviceType,DeviceName,Number,AcctDate)VALUES  ('员工4','计划',4,'2020-09-23')
INSERT INTO Sys_DHDesignComparison(DeviceType,DeviceName,Number,AcctDate)VALUES  ('员工4','实际',3,'2020-09-23')
INSERT INTO Sys_DHDesignComparison(DeviceType,DeviceName,Number,AcctDate)VALUES  ('员工5','计划',6,'2020-09-23')
INSERT INTO Sys_DHDesignComparison(DeviceType,DeviceName,Number,AcctDate)VALUES  ('员工5','实际',4,'2020-09-23')

--Workload analysis

CREATE TABLE Sys_DHWorkloadAnalysis --设计主页：工作负荷分析
(
	id int identity (1,1) primary KEY,
	DeviceType varchar(50)  NULL, --设备类型
	DeviceName varchar(50)  NULL,--设备名
	Number INT,--合格率
	AcctDate DATE,--数据日期
	CreationTime DATETIME not null default getdate(),--创建时间
	IsEffective int DEFAULT 1 -- 0 无效 1 有效 1显示
) 
INSERT INTO Sys_DHWorkloadAnalysis(DeviceType,DeviceName,Number,AcctDate)VALUES  ('员工1','任务',70,'2020-09-22')
INSERT INTO Sys_DHWorkloadAnalysis(DeviceType,DeviceName,Number,AcctDate)VALUES  ('员工1','负荷',90,'2020-09-22')
INSERT INTO Sys_DHWorkloadAnalysis(DeviceType,DeviceName,Number,AcctDate)VALUES  ('员工2','任务',50,'2020-09-22')
INSERT INTO Sys_DHWorkloadAnalysis(DeviceType,DeviceName,Number,AcctDate)VALUES  ('员工2','负荷',60,'2020-09-22')
INSERT INTO Sys_DHWorkloadAnalysis(DeviceType,DeviceName,Number,AcctDate)VALUES  ('员工3','任务',40,'2020-09-22')
INSERT INTO Sys_DHWorkloadAnalysis(DeviceType,DeviceName,Number,AcctDate)VALUES  ('员工3','负荷',20,'2020-09-22')
INSERT INTO Sys_DHWorkloadAnalysis(DeviceType,DeviceName,Number,AcctDate)VALUES  ('员工4','任务',10,'2020-09-22')
INSERT INTO Sys_DHWorkloadAnalysis(DeviceType,DeviceName,Number,AcctDate)VALUES  ('员工4','负荷',70,'2020-09-22')
INSERT INTO Sys_DHWorkloadAnalysis(DeviceType,DeviceName,Number,AcctDate)VALUES  ('员工5','任务',60,'2020-09-22')
INSERT INTO Sys_DHWorkloadAnalysis(DeviceType,DeviceName,Number,AcctDate)VALUES  ('员工5','负荷',80,'2020-09-22')

INSERT INTO Sys_DHWorkloadAnalysis(DeviceType,DeviceName,Number,AcctDate)VALUES  ('员工1','任务',70,'2020-09-23')
INSERT INTO Sys_DHWorkloadAnalysis(DeviceType,DeviceName,Number,AcctDate)VALUES  ('员工1','负荷',90,'2020-09-23')
INSERT INTO Sys_DHWorkloadAnalysis(DeviceType,DeviceName,Number,AcctDate)VALUES  ('员工2','任务',50,'2020-09-23')
INSERT INTO Sys_DHWorkloadAnalysis(DeviceType,DeviceName,Number,AcctDate)VALUES  ('员工2','负荷',60,'2020-09-23')
INSERT INTO Sys_DHWorkloadAnalysis(DeviceType,DeviceName,Number,AcctDate)VALUES  ('员工3','任务',40,'2020-09-23')
INSERT INTO Sys_DHWorkloadAnalysis(DeviceType,DeviceName,Number,AcctDate)VALUES  ('员工3','负荷',20,'2020-09-23')
INSERT INTO Sys_DHWorkloadAnalysis(DeviceType,DeviceName,Number,AcctDate)VALUES  ('员工4','任务',10,'2020-09-23')
INSERT INTO Sys_DHWorkloadAnalysis(DeviceType,DeviceName,Number,AcctDate)VALUES  ('员工4','负荷',70,'2020-09-23')
INSERT INTO Sys_DHWorkloadAnalysis(DeviceType,DeviceName,Number,AcctDate)VALUES  ('员工5','任务',60,'2020-09-23')
INSERT INTO Sys_DHWorkloadAnalysis(DeviceType,DeviceName,Number,AcctDate)VALUES  ('员工5','负荷',80,'2020-09-23')



CREATE table Sys_EHWorkRecord--员工主页:报工记录
(  
	id int identity (1,1) primary key , 
	WorkingProcedure varchar(50)  NULL,--工序
	Workpiece varchar(50)  NULL,--工件
	StartTime DATETIME,--开始时间
	EndTime DATETIME,--结束时间
	Duration INT,--时长
	CreationTime DATETIME not null default getdate(),--创建时间
	IsEffective int DEFAULT 1 -- 0 无效 1 有效 1显示
) 
INSERT INTO Sys_EHWorkRecord(WorkingProcedure,Workpiece,StartTime,EndTime,Duration)VALUES('铣床','/i-quicker/img/product/collection/cnc1.png',getdate(),getdate(),10)
INSERT INTO Sys_EHWorkRecord(WorkingProcedure,Workpiece,StartTime,EndTime,Duration)VALUES('铣床','D:\img\CNC01.png',getdate(),getdate(),20)
INSERT INTO Sys_EHWorkRecord(WorkingProcedure,Workpiece,StartTime,EndTime,Duration)VALUES('铣床','',getdate(),getdate(),30)


CREATE TABLE Sys_EHTotalWorkHours --员工主页:报工总工时/出勤工时
(
	id int identity (1,1) primary KEY,
	DeviceType varchar(50)  NULL, --设备类型
	DeviceName varchar(50)  NULL,--设备名
	Number INT,--数据
	AcctDate DATE,--数据日期
	CreationTime DATETIME not null default getdate(),--创建时间
	IsEffective int DEFAULT 1 -- 0 无效 1 有效 1显示
)

INSERT INTO Sys_EHTotalWorkHours(DeviceType,DeviceName,Number,AcctDate)VALUES  ('2020-08-10','报工总工时',7,'2020-08-10')
INSERT INTO Sys_EHTotalWorkHours(DeviceType,DeviceName,Number,AcctDate)VALUES  ('2020-08-10','出勤工时',5,'2020-08-10')
INSERT INTO Sys_EHTotalWorkHours(DeviceType,DeviceName,Number,AcctDate)VALUES  ('2020-08-10','报工总工时',1,'2020-08-10')
INSERT INTO Sys_EHTotalWorkHours(DeviceType,DeviceName,Number,AcctDate)VALUES  ('2020-08-10','出勤工时',2,'2020-08-10')
INSERT INTO Sys_EHTotalWorkHours(DeviceType,DeviceName,Number,AcctDate)VALUES  ('2020-08-11','报工总工时',7,'2020-08-11')
INSERT INTO Sys_EHTotalWorkHours(DeviceType,DeviceName,Number,AcctDate)VALUES  ('2020-08-11','出勤工时',7,'2020-08-11')
INSERT INTO Sys_EHTotalWorkHours(DeviceType,DeviceName,Number,AcctDate)VALUES  ('2020-08-12','报工总工时',4,'2020-08-12')
INSERT INTO Sys_EHTotalWorkHours(DeviceType,DeviceName,Number,AcctDate)VALUES  ('2020-08-12','出勤工时',2,'2020-08-12')
INSERT INTO Sys_EHTotalWorkHours(DeviceType,DeviceName,Number,AcctDate)VALUES  ('2020-08-13','报工总工时',4,'2020-08-13')
INSERT INTO Sys_EHTotalWorkHours(DeviceType,DeviceName,Number,AcctDate)VALUES  ('2020-08-13','出勤工时',2,'2020-08-13')
INSERT INTO Sys_EHTotalWorkHours(DeviceType,DeviceName,Number,AcctDate)VALUES  ('2020-08-14','报工总工时',4,'2020-08-14')
INSERT INTO Sys_EHTotalWorkHours(DeviceType,DeviceName,Number,AcctDate)VALUES  ('2020-08-14','出勤工时',2,'2020-08-14')
INSERT INTO Sys_EHTotalWorkHours(DeviceType,DeviceName,Number,AcctDate)VALUES  ('2020-08-15','报工总工时',4,'2020-08-15')
INSERT INTO Sys_EHTotalWorkHours(DeviceType,DeviceName,Number,AcctDate)VALUES  ('2020-08-15','出勤工时',2,'2020-08-15')
INSERT INTO Sys_EHTotalWorkHours(DeviceType,DeviceName,Number,AcctDate)VALUES  ('2020-08-16','报工总工时',4,'2020-08-16')
INSERT INTO Sys_EHTotalWorkHours(DeviceType,DeviceName,Number,AcctDate)VALUES  ('2020-08-16','出勤工时',2,'2020-08-16')

CREATE TABLE Sys_EHPassRate --员工主页:合格率
(
	id int identity (1,1) primary KEY,
	DeviceType varchar(50)  NULL, --设备类型
	DeviceName varchar(50)  NULL,--设备名
	Number INT,--数据
	AcctDate DATE,--数据日期
	CreationTime DATETIME not null default getdate(),--创建时间
	IsEffective int DEFAULT 1 -- 0 无效 1 有效 1显示
)
INSERT INTO Sys_EHPassRate(DeviceType,DeviceName,Number,AcctDate)VALUES  ('2020-08-10','合格率',95,'2020-08-10')
INSERT INTO Sys_EHPassRate(DeviceType,DeviceName,Number,AcctDate)VALUES  ('2020-08-11','合格率',89,'2020-08-11')
INSERT INTO Sys_EHPassRate(DeviceType,DeviceName,Number,AcctDate)VALUES  ('2020-08-12','合格率',79,'2020-08-12')
INSERT INTO Sys_EHPassRate(DeviceType,DeviceName,Number,AcctDate)VALUES  ('2020-08-13','合格率',99,'2020-08-13')
INSERT INTO Sys_EHPassRate(DeviceType,DeviceName,Number,AcctDate)VALUES  ('2020-08-14','合格率',58,'2020-08-14')
INSERT INTO Sys_EHPassRate(DeviceType,DeviceName,Number,AcctDate)VALUES  ('2020-08-15','合格率',82,'2020-08-15')
INSERT INTO Sys_EHPassRate(DeviceType,DeviceName,Number,AcctDate)VALUES  ('2020-08-16','合格率',20,'2020-08-16')


CREATE TABLE Sys_EHMonthlyPerformance --员工主页:月度绩效成绩
(
	id int identity (1,1) primary KEY,
	DeviceType varchar(50)  NULL, --设备类型
	DeviceName varchar(50)  NULL,--设备名
	Number INT,--数据
	Spare varchar(50)  NULL,--备用字段（出勤）
	Spare1 varchar(50)  NULL,--备用字段（合格率）
	CreationTime DATETIME not null default getdate(),--创建时间
	IsEffective int DEFAULT 1 -- 0 无效 1 有效 1显示
)
INSERT INTO Sys_EHMonthlyPerformance(DeviceType,DeviceName,Number)VALUES  ('1','成绩',10)
INSERT INTO Sys_EHMonthlyPerformance(DeviceType,DeviceName,Number)VALUES  ('2','成绩',89)
INSERT INTO Sys_EHMonthlyPerformance(DeviceType,DeviceName,Number)VALUES  ('3','成绩',79)
INSERT INTO Sys_EHMonthlyPerformance(DeviceType,DeviceName,Number)VALUES  ('4','成绩',99)
INSERT INTO Sys_EHMonthlyPerformance(DeviceType,DeviceName,Number)VALUES  ('5','成绩',58)
INSERT INTO Sys_EHMonthlyPerformance(DeviceType,DeviceName,Number)VALUES  ('6','成绩',82)
INSERT INTO Sys_EHMonthlyPerformance(DeviceType,DeviceName,Number)VALUES  ('7','成绩',20)
INSERT INTO Sys_EHMonthlyPerformance(DeviceType,DeviceName,Number)VALUES  ('8','成绩',100)
INSERT INTO Sys_EHMonthlyPerformance(DeviceType,DeviceName,Number)VALUES  ('9','成绩',20)
INSERT INTO Sys_EHMonthlyPerformance(DeviceType,DeviceName,Number)VALUES  ('10','成绩',50)
INSERT INTO Sys_EHMonthlyPerformance(DeviceType,DeviceName,Number)VALUES  ('11','成绩',20)
INSERT INTO Sys_EHMonthlyPerformance(DeviceType,DeviceName,Number)VALUES  ('12','成绩',10)

CREATE table Sys_PSWorkmanshipHomeList--工艺主页:列表
(  
	id int identity (1,1) primary key , 
	MoldNo varchar(50)  NULL, --模具编号
	TENo varchar(50)  NULL, --T/E号
	MoldType varchar(50)  NULL, --模具类型
	ModelProtection varchar(50)  NULL, --模保
	MoldState varchar(50)  NULL, --模具状态
	StartDate DATE,--开始日期
	TestDate DATE,--试模日期
	PartNumber varchar(50)  NULL, --零件编号
	PartName  varchar(50)  NULL, --零件名称
	Describe  varchar(200)  NULL, --中文描述
	Type varchar(50)  NULL, --类型
	Number  int,--数量
	MaterialScience varchar(50)  NULL, --材料
	Hardness varchar(50)  NULL, --硬度
	Specifications varchar(50)  NULL, --规格
	Formwork  varchar(50)  NULL, --模架
	ProductionDeliveryDate varchar(50)  NULL,--生产交期
	CreationTime DATETIME not null default getdate(),--创建时间
	IsEffective int DEFAULT 1 -- 0 无效 1 有效 1显示
) 

INSERT INTO Sys_PSWorkmanshipHomeList(MoldNo,TENo,MoldType,ModelProtection,MoldState,StartDate,TestDate,PartNumber,PartName,Describe,Type,Number,
MaterialScience,Hardness,Specifications,Formwork,ProductionDeliveryDate)VALUES('JDM-06s035','T1','修模','否','正常',GETDATE(),GETDATE(),'102-02',
'精模型电极','','自制件',1,'','','','否','')



CREATE table Sys_TeamTaskDetailsList--班组任务详情:列表   
(  
	id int identity (1,1) primary key , 
	MoldNo varchar(50)  NULL, --模具编号
	PartNumber varchar(50)  NULL, --零件编号
	PlannedEquipment varchar(50)  NULL,--计划设备
	StartTime DATETIME, --开始时间
	ENDTime DATETIME, --结束时间
	LatestStartTime DATETIME,--最晚开始时间
	WorkingHours varchar(50)  NULL,--标准工时
	Customer  varchar(50)  NULL,--客户
	MoldKernelMaterial varchar(50)  NULL,--模仁材质
	Category varchar(50)  NULL,--类别
	Colour varchar(50)  NULL,  --灯的颜色
	CreationTime DATETIME not null default getdate(),--创建时间
	IsEffective int DEFAULT 1 -- 0 无效 1 有效 1显示
) 
INSERT INTO Sys_TeamTaskDetailsList(MoldNo ,PartNumber ,PlannedEquipment ,StartTime ,ENDTime ,LatestStartTime,WorkingHours ,Customer ,MoldKernelMaterial ,Category ,Colour)
VALUES ('IK19001' ,'F01' ,'GF01' ,GETDATE() ,GETDATE() ,GETDATE() ,2 ,'INNER' ,8407 ,2 ,'#0000FF')
INSERT INTO Sys_TeamTaskDetailsList(MoldNo ,PartNumber ,PlannedEquipment ,StartTime ,ENDTime ,LatestStartTime,WorkingHours ,Customer ,MoldKernelMaterial ,Category ,Colour)
VALUES ('IK19001' ,'F01' ,'GF01' ,GETDATE() ,GETDATE() ,GETDATE() ,2 ,'INNER' ,8407 ,2 ,'#FF9900')



CREATE TABLE Sys_TDDepartmentQualifiedRate --班组详情:各部门合格率
(
	id int identity (1,1) primary KEY,
	DeviceType varchar(50)  NULL, --设备类型
	DeviceName varchar(50)  NULL,--设备名
	Number INT,--数据
	CreationTime DATETIME not null default getdate(),--创建时间
	IsEffective int DEFAULT 1 -- 0 无效 1 有效 1显示
)
INSERT INTO Sys_TDDepartmentQualifiedRate(DeviceType,DeviceName,Number)VALUES  ('CNC钢料A组','各部门合格率',72)
INSERT INTO Sys_TDDepartmentQualifiedRate(DeviceType,DeviceName,Number)VALUES  ('CNC钢料B组','各部门合格率',62)
INSERT INTO Sys_TDDepartmentQualifiedRate(DeviceType,DeviceName,Number)VALUES  ('CNC电极组','各部门合格率',40)
INSERT INTO Sys_TDDepartmentQualifiedRate(DeviceType,DeviceName,Number)VALUES  ('EDM放电A组','各部门合格率',52)
INSERT INTO Sys_TDDepartmentQualifiedRate(DeviceType,DeviceName,Number)VALUES  ('EDM放电B组','各部门合格率',19)

CREATE TABLE Sys_TDDepartmentLoad --班组详情：各部门负载
(
	id int identity (1,1) primary KEY,
	DeviceType varchar(50)  NULL, --设备类型
	DeviceName varchar(50)  NULL,--设备名
	Number INT,--合格率
	CreationTime DATETIME not null default getdate(),--创建时间
	IsEffective int DEFAULT 1 -- 0 无效 1 有效 1显示
) 
INSERT INTO Sys_TDDepartmentLoad(DeviceType,DeviceName,Number)VALUES  ('CNC钢料A组','产能',300)
INSERT INTO Sys_TDDepartmentLoad(DeviceType,DeviceName,Number)VALUES  ('CNC钢料A组','负荷',200)
INSERT INTO Sys_TDDepartmentLoad(DeviceType,DeviceName,Number)VALUES  ('CNC钢料B组','产能',250)
INSERT INTO Sys_TDDepartmentLoad(DeviceType,DeviceName,Number)VALUES  ('CNC钢料B组','负荷',120)
INSERT INTO Sys_TDDepartmentLoad(DeviceType,DeviceName,Number)VALUES  ('CNC电极组','产能',50)
INSERT INTO Sys_TDDepartmentLoad(DeviceType,DeviceName,Number)VALUES  ('CNC电极组','负荷',120)
INSERT INTO Sys_TDDepartmentLoad(DeviceType,DeviceName,Number)VALUES  ('EDM放电A组','产能',280)
INSERT INTO Sys_TDDepartmentLoad(DeviceType,DeviceName,Number)VALUES  ('EDM放电A组','负荷',120)
INSERT INTO Sys_TDDepartmentLoad(DeviceType,DeviceName,Number)VALUES  ('EDM放电B组','产能',280)
INSERT INTO Sys_TDDepartmentLoad(DeviceType,DeviceName,Number)VALUES  ('EDM放电B组','负荷',120)


CREATE TABLE Sys_TDJiadongRate --班组详情:稼动率
(
	id int identity (1,1) primary KEY,
	Name varchar(50)  NULL,--客户名称
	Number INT , --数量
	CreationTime DATETIME not null default getdate(),--创建时间
	IsEffective int DEFAULT 1 -- 0 无效 1 有效 1显示
)
INSERT INTO Sys_TDJiadongRate(Name,Number)VALUES ('设备一',60)
INSERT INTO Sys_TDJiadongRate(Name,Number)VALUES ('设备二',15) 
INSERT INTO Sys_TDJiadongRate(Name,Number)VALUES ('设备三',10)
INSERT INTO Sys_TDJiadongRate(Name,Number)VALUES ('设备四',15)


CREATE TABLE Sys_TDJiadongRateTrend --班组详情:稼动率趋势
(
	id int identity (1,1) primary KEY,
	DeviceType varchar(50)  NULL, --设备类型
	DeviceName varchar(50)  NULL,--设备名
	Number INT,--数据
	Spare varchar(50)  NULL,--备用字段（出勤）
	Spare1 varchar(50)  NULL,--备用字段（合格率）
	CreationTime DATETIME not null default getdate(),--创建时间
	IsEffective int DEFAULT 1 -- 0 无效 1 有效 1显示
)
INSERT INTO Sys_TDJiadongRateTrend(DeviceType,DeviceName,Number)VALUES  ('1','成绩',10)
INSERT INTO Sys_TDJiadongRateTrend(DeviceType,DeviceName,Number)VALUES  ('2','成绩',89)
INSERT INTO Sys_TDJiadongRateTrend(DeviceType,DeviceName,Number)VALUES  ('3','成绩',79)
INSERT INTO Sys_TDJiadongRateTrend(DeviceType,DeviceName,Number)VALUES  ('4','成绩',99)
INSERT INTO Sys_TDJiadongRateTrend(DeviceType,DeviceName,Number)VALUES  ('5','成绩',58)
INSERT INTO Sys_TDJiadongRateTrend(DeviceType,DeviceName,Number)VALUES  ('6','成绩',82)
INSERT INTO Sys_TDJiadongRateTrend(DeviceType,DeviceName,Number)VALUES  ('7','成绩',20)
INSERT INTO Sys_TDJiadongRateTrend(DeviceType,DeviceName,Number)VALUES  ('8','成绩',100)
INSERT INTO Sys_TDJiadongRateTrend(DeviceType,DeviceName,Number)VALUES  ('9','成绩',20)
INSERT INTO Sys_TDJiadongRateTrend(DeviceType,DeviceName,Number)VALUES  ('10','成绩',50)
INSERT INTO Sys_TDJiadongRateTrend(DeviceType,DeviceName,Number)VALUES  ('11','成绩',20)
INSERT INTO Sys_TDJiadongRateTrend(DeviceType,DeviceName,Number)VALUES  ('12','成绩',10)

CREATE table Sys_TDEquipmentList--班组详情:设备清单
(  
	id int identity (1,1) primary key , 
	Number varchar(50)  NULL,--编号
	Name varchar(50)  NULL,--名称
	Brand varchar(50)  NULL,--品牌
	Department  varchar(50)  NULL,--部门
	State varchar(50)  NULL,--状态
	DateArrival DATE,--入厂日期
	CreationTime DATETIME not null default getdate(),--创建时间
	IsEffective int DEFAULT 1 -- 0 无效 1 有效 1显示
) 
INSERT INTO  Sys_TDEquipmentList(Number,Name,Brand,Department,State,DateArrival)VALUES('20OC2003','车铣','APPIE','技术部','加工中',GETDATE())
INSERT INTO  Sys_TDEquipmentList(Number,Name,Brand,Department,State,DateArrival)VALUES('20OC2003','车铣','HW','技术部','加工中',GETDATE())
INSERT INTO  Sys_TDEquipmentList(Number,Name,Brand,Department,State,DateArrival)VALUES('20OC2003','车铣','APPIE','技术部','加工中',GETDATE())


CREATE table Sys_TDDepartmentTasks--班组详情:部门任务概况
(  
	id int identity (1,1) primary key , 
	RepairOrderNo varchar(50)  NULL,--报修单号
	RepairDepartment varchar(50)  NULL,--报修部门
	RepairEquipment  varchar(50)  NULL,--报修设备
	RepairPersonnel varchar(50)  NULL,--报修人员
	FaultDescription varchar(50)  NULL,--故障描述
	ServiceNumber varchar(50)  NULL,--维修编号
	ServiceType varchar(50)  NULL,--维修类型
	Supplier varchar(50)  NULL,--维修人员/外修供应商
	FaultCategory varchar(50)  NULL,--故障类别
	MaintainPrice FLOAT,--外修价格
	State varchar(50)  NULL,--状态
	CreationTime DATETIME not null default getdate(),--创建时间
	IsEffective int DEFAULT 1 -- 0 无效 1 有效 1显示
) 
INSERT INTO Sys_TDDepartmentTasks(RepairOrderNo,RepairDepartment,RepairEquipment,RepairPersonnel,FaultDescription,ServiceNumber,ServiceType,Supplier,FaultCategory,MaintainPrice,State)VALUES
('BX190613001','加工中心','CNC03','张山','无法开机','WX190614003','内修','赵四','电气故障',3000,'已修好')
INSERT INTO Sys_TDDepartmentTasks(RepairOrderNo,RepairDepartment,RepairEquipment,RepairPersonnel,FaultDescription,ServiceNumber,ServiceType,Supplier,FaultCategory,MaintainPrice,State)VALUES
('BX190613001','火花机','EDM05','张山','油槽无法降升','WX190614003','外修','GF厂家','机械故障',10000,'已修好')


CREATE TABLE Sys_SDDeliveryPassRate --供应商详情：按期交付率与交付合格率
(
	id int identity (1,1) primary KEY,
	DeviceType varchar(50)  NULL, --设备类型
	DeviceName varchar(50)  NULL,--设备名
	Number INT,--合格率
	AcctDate DATE,--数据日期
	CreationTime DATETIME not null default getdate(),--创建时间
	IsEffective int DEFAULT 1 -- 0 无效 1 有效 1显示
) 
INSERT INTO Sys_SDDeliveryPassRate(DeviceType,DeviceName,Number,AcctDate)VALUES  ('供应商一','按期交付率',79,'2020-10-19')
INSERT INTO Sys_SDDeliveryPassRate(DeviceType,DeviceName,Number,AcctDate)VALUES  ('供应商一','交付合格率',39,'2020-10-19')
INSERT INTO Sys_SDDeliveryPassRate(DeviceType,DeviceName,Number,AcctDate)VALUES  ('供应商二','按期交付率',80,'2020-10-20')
INSERT INTO Sys_SDDeliveryPassRate(DeviceType,DeviceName,Number,AcctDate)VALUES  ('供应商二','交付合格率',52,'2020-10-20')
INSERT INTO Sys_SDDeliveryPassRate(DeviceType,DeviceName,Number,AcctDate)VALUES  ('供应商三','按期交付率',52,'2020-10-21')
INSERT INTO Sys_SDDeliveryPassRate(DeviceType,DeviceName,Number,AcctDate)VALUES  ('供应商三','交付合格率',25,'2020-10-21')
INSERT INTO Sys_SDDeliveryPassRate(DeviceType,DeviceName,Number,AcctDate)VALUES  ('供应商四','按期交付率',62,'2020-10-21')
INSERT INTO Sys_SDDeliveryPassRate(DeviceType,DeviceName,Number,AcctDate)VALUES  ('供应商四','交付合格率',25,'2020-10-21')
INSERT INTO Sys_SDDeliveryPassRate(DeviceType,DeviceName,Number,AcctDate)VALUES  ('供应商五','按期交付率',80,'2020-10-21')
INSERT INTO Sys_SDDeliveryPassRate(DeviceType,DeviceName,Number,AcctDate)VALUES  ('供应商五','交付合格率',25,'2020-10-21')
INSERT INTO Sys_SDDeliveryPassRate(DeviceType,DeviceName,Number,AcctDate)VALUES  ('供应商六','按期交付率',41,'2020-10-21')
INSERT INTO Sys_SDDeliveryPassRate(DeviceType,DeviceName,Number,AcctDate)VALUES  ('供应商六','交付合格率',25,'2020-10-21')
INSERT INTO Sys_SDDeliveryPassRate(DeviceType,DeviceName,Number,AcctDate)VALUES  ('供应商七','按期交付率',50,'2020-10-21')
INSERT INTO Sys_SDDeliveryPassRate(DeviceType,DeviceName,Number,AcctDate)VALUES  ('供应商七','交付合格率',25,'2020-10-21')
INSERT INTO Sys_SDDeliveryPassRate(DeviceType,DeviceName,Number,AcctDate)VALUES  ('供应商八','按期交付率',19,'2020-10-22')
INSERT INTO Sys_SDDeliveryPassRate(DeviceType,DeviceName,Number,AcctDate)VALUES  ('供应商八','交付合格率',25,'2020-10-22')
INSERT INTO Sys_SDDeliveryPassRate(DeviceType,DeviceName,Number,AcctDate)VALUES  ('供应商九','按期交付率',62,'2020-10-22')
INSERT INTO Sys_SDDeliveryPassRate(DeviceType,DeviceName,Number,AcctDate)VALUES  ('供应商九','交付合格率',40,'2020-10-22')
INSERT INTO Sys_SDDeliveryPassRate(DeviceType,DeviceName,Number,AcctDate)VALUES  ('供应商十','按期交付率',62,'2020-10-22')
INSERT INTO Sys_SDDeliveryPassRate(DeviceType,DeviceName,Number,AcctDate)VALUES  ('供应商十','交付合格率',25,'2020-10-22')



CREATE table Sys_PSWorkpieceDetailsList--工件详情:列表   
(  
	id int identity (1,1) primary key , 
	MoldNo varchar(50)  NULL, --模具编号
	PartNumber varchar(50)  NULL, --零件编号
	PlannedEquipment varchar(50)  NULL,--计划设备
	StartTime DATETIME, --开始时间
	ENDTime DATETIME, --结束时间
	LatestStartTime DATETIME,--最晚开始时间
	WorkingHours varchar(50)  NULL,--标准工时
	Customer  varchar(50)  NULL,--客户
	MoldKernelMaterial varchar(50)  NULL,--模仁材质
	Category varchar(50)  NULL,--类别
	Colour varchar(50)  NULL,  --灯的颜色
	CreationTime DATETIME not null default getdate(),--创建时间
	IsEffective int DEFAULT 1 -- 0 无效 1 有效 1显示
) 
INSERT INTO Sys_PSWorkpieceDetailsList(MoldNo ,PartNumber ,PlannedEquipment ,StartTime ,ENDTime ,LatestStartTime,WorkingHours ,Customer ,MoldKernelMaterial ,Category ,Colour)
VALUES ('IK19001' ,'F01' ,'GF01' ,GETDATE() ,GETDATE() ,GETDATE() ,2 ,'INNER' ,8407 ,2 ,'#0000FF')
INSERT INTO Sys_PSWorkpieceDetailsList(MoldNo ,PartNumber ,PlannedEquipment ,StartTime ,ENDTime ,LatestStartTime,WorkingHours ,Customer ,MoldKernelMaterial ,Category ,Colour)
VALUES ('IK19001' ,'F01' ,'GF01' ,GETDATE() ,GETDATE() ,GETDATE() ,2 ,'INNER' ,8407 ,2 ,'#FF9900')

--Sys_SHDepartmentLoad
CREATE TABLE Sys_PSProcessDetailsList --工序详情：工序报工时与实际工时
(
	id int identity (1,1) primary KEY,
	DeviceType varchar(50)  NULL, --设备类型
	DeviceName varchar(50)  NULL,--设备名
	Number varchar(50)  NULL,--工时
	CreationTime DATETIME not null default getdate(),--创建时间
	IsEffective int DEFAULT 1 -- 0 无效 1 有效 1显示
) 
INSERT INTO Sys_PSProcessDetailsList(DeviceType,DeviceName,Number)VALUES  ('工序一','报工时',5)
INSERT INTO Sys_PSProcessDetailsList(DeviceType,DeviceName,Number)VALUES  ('工序一','实际工时',3.9)
INSERT INTO Sys_PSProcessDetailsList(DeviceType,DeviceName,Number)VALUES  ('工序二','报工时',8)
INSERT INTO Sys_PSProcessDetailsList(DeviceType,DeviceName,Number)VALUES  ('工序二','实际工时',3.9)
INSERT INTO Sys_PSProcessDetailsList(DeviceType,DeviceName,Number)VALUES  ('工序三','报工时',6.5)
INSERT INTO Sys_PSProcessDetailsList(DeviceType,DeviceName,Number)VALUES  ('工序三','实际工时',2.5)
INSERT INTO Sys_PSProcessDetailsList(DeviceType,DeviceName,Number)VALUES  ('工序四','报工时',4.5)
INSERT INTO Sys_PSProcessDetailsList(DeviceType,DeviceName,Number)VALUES  ('工序四','实际工时',3.9)
INSERT INTO Sys_PSProcessDetailsList(DeviceType,DeviceName,Number)VALUES  ('工序五','报工时',5.2)
INSERT INTO Sys_PSProcessDetailsList(DeviceType,DeviceName,Number)VALUES  ('工序五','实际工时',3.9)
INSERT INTO Sys_PSProcessDetailsList(DeviceType,DeviceName,Number)VALUES  ('工序六','报工时',6.4)
INSERT INTO Sys_PSProcessDetailsList(DeviceType,DeviceName,Number)VALUES  ('工序六','实际工时',3.9)
INSERT INTO Sys_PSProcessDetailsList(DeviceType,DeviceName,Number)VALUES  ('工序七','报工时',6.4)
INSERT INTO Sys_PSProcessDetailsList(DeviceType,DeviceName,Number)VALUES  ('工序七','实际工时',6.4)
INSERT INTO Sys_PSProcessDetailsList(DeviceType,DeviceName,Number)VALUES  ('工序八','报工时',4.5)
INSERT INTO Sys_PSProcessDetailsList(DeviceType,DeviceName,Number)VALUES  ('工序八','实际工时',6)
INSERT INTO Sys_PSProcessDetailsList(DeviceType,DeviceName,Number)VALUES  ('工序九','报工时',4.5)
INSERT INTO Sys_PSProcessDetailsList(DeviceType,DeviceName,Number)VALUES  ('工序九','实际工时',6)
INSERT INTO Sys_PSProcessDetailsList(DeviceType,DeviceName,Number)VALUES  ('工序十','报工时',4.5)
INSERT INTO Sys_PSProcessDetailsList(DeviceType,DeviceName,Number)VALUES  ('工序十','实际工时',6)

CREATE table Sys_QOExceptionDetailsList--异常单详情:列表
(  
	id int identity (1,1) primary key , 
	ExceptionNumber varchar(50)  NULL, --异常编号
	ExceptionModule varchar(50)  NULL, --异常模号
	FaultDescription varchar(50)  NULL, --故障描述
	Department varchar(50)  NULL, --所属部门
	ResponsibleProcess varchar(50)  NULL, --责任工序
	PersonLiable varchar(50)  NULL, --责任人
	ResponsibleSupplier varchar(50)  NULL, --责任供应商
	AnomalyTracking  varchar(50)  NULL, --异常追踪
	CreationTime DATETIME not null default getdate(),--创建时间
	IsEffective int DEFAULT 1 -- 0 无效 1 有效 1显示
) 
INSERT INTO Sys_QOExceptionDetailsList(ExceptionNumber,ExceptionModule,FaultDescription,Department,ResponsibleProcess,PersonLiable,ResponsibleSupplier,AnomalyTracking)VALUES
('BX190613001','WX190614003','无法开机','总部','CNC','模德宝','广汽传祺','上市集团配送')


CREATE TABLE Sys_CustomerDetailsRate  --客户详情:客户总的交易达成率
(
	id int identity (1,1) primary KEY,
	DeviceType varchar(50)  NULL, --设备类型
	DeviceName varchar(50)  NULL,--设备名
	Number INT,--数据
	CreationTime DATETIME not null default getdate(),--创建时间
	IsEffective int DEFAULT 1 -- 0 无效 1 有效 1显示
)
INSERT INTO Sys_CustomerDetailsRate(DeviceType,DeviceName,Number)VALUES('客户一','客户总的交易达成率',90)
INSERT INTO Sys_CustomerDetailsRate(DeviceType,DeviceName,Number)VALUES('客户二','客户总的交易达成率',94)
INSERT INTO Sys_CustomerDetailsRate(DeviceType,DeviceName,Number)VALUES('客户三','客户总的交易达成率',18)
INSERT INTO Sys_CustomerDetailsRate(DeviceType,DeviceName,Number)VALUES('客户四','客户总的交易达成率',39)
INSERT INTO Sys_CustomerDetailsRate(DeviceType,DeviceName,Number)VALUES('客户五','客户总的交易达成率',74)
INSERT INTO Sys_CustomerDetailsRate(DeviceType,DeviceName,Number)VALUES('客户六','客户总的交易达成率',43)
INSERT INTO Sys_CustomerDetailsRate(DeviceType,DeviceName,Number)VALUES('客户七','客户总的交易达成率',74)
INSERT INTO Sys_CustomerDetailsRate(DeviceType,DeviceName,Number)VALUES('客户八','客户总的交易达成率',41)
INSERT INTO Sys_CustomerDetailsRate(DeviceType,DeviceName,Number)VALUES('客户九','客户总的交易达成率',70)
INSERT INTO Sys_CustomerDetailsRate(DeviceType,DeviceName,Number)VALUES('客户十','客户总的交易达成率',82)

CREATE table Sys_CustomerDetailsList--客户详情:客户清单   
(  
	id int identity (1,1) primary key , 
	ParentId INT,		--父级  0父节点 大于0对应ID 子节点
	CustomerName varchar(50)  NULL, --客户名称
	OrderNumber varchar(50)  NULL, --订单编号
	NumberOfOrders varchar(50)  NULL,--订单数
	DieNumber  varchar(50)  NULL,--模具编号
	ProjectLeader  varchar(50)  NULL,--项目负责人
	StartTime DATETIME, --开始时间
	EstimatedEndTime DATETIME, --预计结束时间
	ActualEndTime DATETIME,--实际结束时间
	NewOldModel varchar(50)  NULL,--新模/旧模
	CreationTime DATETIME not null default getdate(),--创建时间
	IsEffective int DEFAULT 1 -- 0 无效 1 有效 1显示
) 
INSERT INTO Sys_CustomerDetailsList(ParentId,CustomerName,OrderNumber,NumberOfOrders,DieNumber,ProjectLeader,StartTime,EstimatedEndTime,ActualEndTime,NewOldModel)VALUES
(0,'APPLE','BX190613001','3','WX190614003','张三',GETDATE() ,GETDATE() ,GETDATE(),'新模')


CREATE TABLE Sys_ODDeliveryCompletionRate --订单详情:已交付模具的交期达成率
(
	id int identity (1,1) primary KEY,
	DeviceType varchar(50)  NULL, --设备类型
	DeviceName varchar(50)  NULL,--设备名
	Number INT,--数据
	AcctDate DATE,--数据日期 
	CreationTime DATETIME not null default getdate(),--创建时间
	IsEffective int DEFAULT 1 -- 0 无效 1 有效 1显示
)
INSERT INTO Sys_ODDeliveryCompletionRate(DeviceType,DeviceName,Number,AcctDate)VALUES  ('2020-08-10','已交付模具的交期达成率',40,'2020-08-10')
INSERT INTO Sys_ODDeliveryCompletionRate(DeviceType,DeviceName,Number,AcctDate)VALUES  ('2020-08-11','已交付模具的交期达成率',70,'2020-08-11')
INSERT INTO Sys_ODDeliveryCompletionRate(DeviceType,DeviceName,Number,AcctDate)VALUES  ('2020-08-12','已交付模具的交期达成率',60,'2020-08-12')
INSERT INTO Sys_ODDeliveryCompletionRate(DeviceType,DeviceName,Number,AcctDate)VALUES  ('2020-08-13','已交付模具的交期达成率',30,'2020-08-13')
INSERT INTO Sys_ODDeliveryCompletionRate(DeviceType,DeviceName,Number,AcctDate)VALUES  ('2020-08-14','已交付模具的交期达成率',10,'2020-08-14')
INSERT INTO Sys_ODDeliveryCompletionRate(DeviceType,DeviceName,Number,AcctDate)VALUES  ('2020-08-15','已交付模具的交期达成率',65,'2020-08-15')
INSERT INTO Sys_ODDeliveryCompletionRate(DeviceType,DeviceName,Number,AcctDate)VALUES  ('2020-08-16','已交付模具的交期达成率',40,'2020-08-16')


CREATE TABLE Sys_ODMouldProgress --订单详情:在制模具进度
(
	id int identity (1,1) primary KEY,
	Name varchar(50)  NULL,--客户名称
	Number INT , --数量
	CreationTime DATETIME not null default getdate(),--创建时间
	IsEffective int DEFAULT 1 -- 0 无效 1 有效 1显示
)
INSERT Sys_ODMouldProgress(Name,Number)VALUES  ('进度正常',12)
INSERT Sys_ODMouldProgress(Name,Number)VALUES  ('已过期',4) 
INSERT Sys_ODMouldProgress(Name,Number)VALUES  ('生产延误',4)

CREATE TABLE Sys_ODDelayMoldList  --订单详情:延期模具列表
(
	id int identity (1,1) primary key , 
	MoldNo varchar(50)  NULL, --模具编号
	Customers  varchar(50)  NULL,--客户
	Type varchar(50)  NULL,--类型
	PlannedDeliveryDate DATE, --计划交期
	EarlyWarning VARCHAR(20),--预警 显示3个值，用;来分割数据。
	IsEffective int DEFAULT 1 -- 0 无效 1 有效 1显示
)
INSERT INTO Sys_ODDelayMoldList(MoldNo,Customers,Type,PlannedDeliveryDate,EarlyWarning)VALUES('IK19001','APPLE','交期',GETDATE(),'0.24;0.49')
INSERT INTO Sys_ODDelayMoldList(MoldNo,Customers,Type,PlannedDeliveryDate,EarlyWarning)VALUES('IK19002','HW','生产',GETDATE(),'0.5')
INSERT INTO Sys_ODDelayMoldList(MoldNo,Customers,Type,PlannedDeliveryDate,EarlyWarning)VALUES('IK19003','BMW','生产',GETDATE(),'0')


CREATE TABLE Sys_ODOrderStatus --订单详情:订单状态
(
	id int identity (1,1) primary KEY,
	Name varchar(50)  NULL,--客户名称
	Number INT , --数量
	AcctDate DATE,--数据日期 
	CreationTime DATETIME not null default getdate(),--创建时间
	IsEffective int DEFAULT 1 -- 0 无效 1 有效 1显示
)
INSERT Sys_ODOrderStatus(Name,Number,AcctDate)VALUES  ('已完成',20,'2020-08-10')
INSERT Sys_ODOrderStatus(Name,Number,AcctDate)VALUES  ('未完成',8,'2020-08-10') 
INSERT Sys_ODOrderStatus(Name,Number,AcctDate)VALUES  ('已完成',20,'2020-08-11')
INSERT Sys_ODOrderStatus(Name,Number,AcctDate)VALUES  ('未完成',8,'2020-08-11') 

CREATE TABLE Sys_ODDeliveryRatio  --订单详情:交付比率
(
	id int identity (1,1) primary KEY,
	DeviceType varchar(50)  NULL, --设备类型
	DeviceName varchar(50)  NULL,--设备名
	Number INT,--数据
	AcctDate DATE,--数据日期 
	CreationTime DATETIME not null default getdate(),--创建时间
	IsEffective int DEFAULT 1 -- 0 无效 1 有效 1显示
)
INSERT INTO Sys_ODDeliveryRatio(DeviceType,DeviceName,Number,AcctDate)VALUES('客户一','交付比率',90,'2020-08-10')
INSERT INTO Sys_ODDeliveryRatio(DeviceType,DeviceName,Number,AcctDate)VALUES('客户二','交付比率',94,'2020-08-11')
INSERT INTO Sys_ODDeliveryRatio(DeviceType,DeviceName,Number,AcctDate)VALUES('客户三','交付比率',18,'2020-08-12')
INSERT INTO Sys_ODDeliveryRatio(DeviceType,DeviceName,Number,AcctDate)VALUES('客户四','交付比率',39,'2020-08-13')
INSERT INTO Sys_ODDeliveryRatio(DeviceType,DeviceName,Number,AcctDate)VALUES('客户五','交付比率',74,'2020-08-14')
INSERT INTO Sys_ODDeliveryRatio(DeviceType,DeviceName,Number,AcctDate)VALUES('客户一','交付比率',10,'2020-08-14')

CREATE table Sys_ODMouldList--订单详情:模具清单
(  
	id int identity (1,1) primary key , 
	WorkingProcedure varchar(50)  NULL,--工序
	Workpiece varchar(50)  NULL,--工件
	StartTime DATETIME,--开始时间
	EndTime DATETIME,--结束时间
	Duration INT,--时长
	CreationTime DATETIME not null default getdate(),--创建时间
	IsEffective int DEFAULT 1 -- 0 无效 1 有效 1显示
) 
INSERT INTO Sys_ODMouldList(WorkingProcedure,Workpiece,StartTime,EndTime,Duration)VALUES('铣床','/i-quicker/img/product/collection/cnc1.png',getdate(),getdate(),10)
INSERT INTO Sys_ODMouldList(WorkingProcedure,Workpiece,StartTime,EndTime,Duration)VALUES('铣床','',getdate(),getdate(),30)


CREATE TABLE Sys_MDMoldPassRate  --模具详情:模具加工合格率
(
	id int identity (1,1) primary KEY,
	DeviceType varchar(50)  NULL, --设备类型
	DeviceName varchar(50)  NULL,--设备名
	Number INT,--数据
	CreationTime DATETIME not null default getdate(),--创建时间
	IsEffective int DEFAULT 1 -- 0 无效 1 有效 1显示
)
INSERT INTO Sys_MDMoldPassRate(DeviceType,DeviceName,Number)VALUES('模具一','模具加工合格率',18)
INSERT INTO Sys_MDMoldPassRate(DeviceType,DeviceName,Number)VALUES('模具二','模具加工合格率',78)
INSERT INTO Sys_MDMoldPassRate(DeviceType,DeviceName,Number)VALUES('模具三','模具加工合格率',61)
INSERT INTO Sys_MDMoldPassRate(DeviceType,DeviceName,Number)VALUES('模具四','模具加工合格率',30)
INSERT INTO Sys_MDMoldPassRate(DeviceType,DeviceName,Number)VALUES('模具五','模具加工合格率',82)

CREATE TABLE Sys_MDTotalMoldCost --模具详情:模具总成本    
(
	id int identity (1,1) primary KEY,
	DeviceType varchar(50)  NULL, --设备类型
	DeviceName varchar(50)  NULL,--设备名
	Number INT,--数据
	AcctDate DATE,--数据日期
	CreationTime DATETIME not null default getdate(),--创建时间
	IsEffective int DEFAULT 1 -- 0 无效 1 有效 1显示
)
INSERT INTO Sys_MDTotalMoldCost(DeviceType,DeviceName,Number,AcctDate)VALUES  ('模具一','成本',95,'2020-08-10')
INSERT INTO Sys_MDTotalMoldCost(DeviceType,DeviceName,Number,AcctDate)VALUES  ('模具二','成本',89,'2020-08-11')
INSERT INTO Sys_MDTotalMoldCost(DeviceType,DeviceName,Number,AcctDate)VALUES  ('模具三','成本',79,'2020-08-12')
INSERT INTO Sys_MDTotalMoldCost(DeviceType,DeviceName,Number,AcctDate)VALUES  ('模具四','成本',99,'2020-08-13')
INSERT INTO Sys_MDTotalMoldCost(DeviceType,DeviceName,Number,AcctDate)VALUES  ('模具五','成本',58,'2020-08-14')

CREATE TABLE Sys_MDMoldProcessingProgress --模具详情:模具加工进度
(
	id int identity (1,1) primary KEY,
	Name varchar(50)  NULL,--客户名称
	Number INT , --数量
	CreationTime DATETIME not null default getdate(),--创建时间
	IsEffective int DEFAULT 1 -- 0 无效 1 有效 1显示
)
INSERT Sys_MDMoldProcessingProgress(Name,Number)VALUES  ('按期',20)
INSERT Sys_MDMoldProcessingProgress(Name,Number)VALUES  ('延期',8) 

CREATE table Sys_MDMoldProcessingList  --模具详情:模具加工清单
(  
	id int identity (1,1) primary key , 
	ModuleNumber varchar(50)  NULL,--模号
	WorkpieceNo varchar(50)  NULL,--工件号
	WorkingProcedure varchar(50)  NULL,--额外工序
	Supplier varchar(50)  NULL,--供应商
	PlannedDeliveryDate DATE, --计划交期
	DaysOfExtension INT,--延期天数
	OrderStatus VARCHAR(20), --状态
	CreationTime DATETIME not null default getdate(),--创建时间
	IsEffective int DEFAULT 1 -- 0 无效 1 有效 1显示
) 
INSERT INTO Sys_MDMoldProcessingList(ModuleNumber,WorkpieceNo,WorkingProcedure,Supplier,PlannedDeliveryDate,DaysOfExtension,OrderStatus)VALUES('20KK02003','201_1','铣床','DJ',GETDATE(),6,'加工中')
INSERT INTO Sys_MDMoldProcessingList(ModuleNumber,WorkpieceNo,WorkingProcedure,Supplier,PlannedDeliveryDate,DaysOfExtension,OrderStatus)VALUES('20KK04013','202_2','热处理','KS',GETDATE(),3,'加工中')
INSERT INTO Sys_MDMoldProcessingList(ModuleNumber,WorkpieceNo,WorkingProcedure,Supplier,PlannedDeliveryDate,DaysOfExtension,OrderStatus)VALUES('20KK04023','202_2','热处理','KS',GETDATE(),4,'加工中')
INSERT INTO Sys_MDMoldProcessingList(ModuleNumber,WorkpieceNo,WorkingProcedure,Supplier,PlannedDeliveryDate,DaysOfExtension,OrderStatus)VALUES('20KK04033','202_2','热处理','KS',GETDATE(),4,'加工中')
INSERT INTO Sys_MDMoldProcessingList(ModuleNumber,WorkpieceNo,WorkingProcedure,Supplier,PlannedDeliveryDate,DaysOfExtension,OrderStatus)VALUES('20KK04043','202_2','热处理','KS',GETDATE(),5,'加工中')
INSERT INTO Sys_MDMoldProcessingList(ModuleNumber,WorkpieceNo,WorkingProcedure,Supplier,PlannedDeliveryDate,DaysOfExtension,OrderStatus)VALUES('20KK04053','202_2','热处理','KS',GETDATE(),5,'加工中')
INSERT INTO Sys_MDMoldProcessingList(ModuleNumber,WorkpieceNo,WorkingProcedure,Supplier,PlannedDeliveryDate,DaysOfExtension,OrderStatus)VALUES('20KK04063','202_2','热处理','KS',GETDATE(),7,'加工中')
INSERT INTO Sys_MDMoldProcessingList(ModuleNumber,WorkpieceNo,WorkingProcedure,Supplier,PlannedDeliveryDate,DaysOfExtension,OrderStatus)VALUES('20KK04073','202_2','热处理','KS',GETDATE(),5,'加工中')

CREATE TABLE Sys_MDWorkpieceTypeProportion --模具详情:工件类型按大类比例
(
	id int identity (1,1) primary KEY,
	Name varchar(50)  NULL,--物品
	Cost FLOAT  , --成本
	AcctDate DATE,--数据日期
	CreationTime DATETIME not null default getdate(),--创建时间
	IsEffective int DEFAULT 1 -- 0 无效 1 有效 1显示
)
INSERT Sys_MDWorkpieceTypeProportion(Name,Cost,AcctDate)VALUES  ('CNC钢料A组',23,'2020-09-11')
INSERT Sys_MDWorkpieceTypeProportion(Name,Cost,AcctDate)VALUES  ('CNC钢料B组',26,'2020-09-12')
INSERT Sys_MDWorkpieceTypeProportion(Name,Cost,AcctDate)VALUES  ('CNC电极组',17,'2020-09-13')
INSERT Sys_MDWorkpieceTypeProportion(Name,Cost,AcctDate)VALUES  ('EDM放电A组',34,'2020-09-14')
INSERT Sys_MDWorkpieceTypeProportion(Name,Cost,AcctDate)VALUES  ('EDM放电B组',23,'2020-09-15')


CREATE table Sys_DDDeviceInformation--设备详情:设备信息   
(  
	id int identity (1,1) primary key , 
	Number varchar(50)  NULL,--编号
	Name varchar(50)  NULL,--名称
	Brand varchar(50)  NULL,--品牌
	Department  varchar(50)  NULL,--部门
	State varchar(50)  NULL,--状态
	DateArrival DATE,--入厂日期
	CreationTime DATETIME not null default getdate(),--创建时间
	IsEffective int DEFAULT 1 -- 0 无效 1 有效 1显示
) 
INSERT INTO  Sys_DDDeviceInformation(Number,Name,Brand,Department,State,DateArrival)VALUES('20OC2003','车铣','车铣','技术部','加工中',GETDATE())

CREATE TABLE Sys_DDJiaDongRateTrend --设备详情:设备稼动率趋势    
(
	id int identity (1,1) primary KEY,
	DeviceType varchar(50)  NULL, --设备类型
	DeviceName varchar(50)  NULL,--设备名
	Number INT,--数据
	CreationTime DATETIME not null default getdate(),--创建时间
	IsEffective int DEFAULT 1 -- 0 无效 1 有效 1显示
)
INSERT INTO Sys_DDJiaDongRateTrend(DeviceType,DeviceName,Number)VALUES  ('设备一','稼动率',95)
INSERT INTO Sys_DDJiaDongRateTrend(DeviceType,DeviceName,Number)VALUES  ('设备二','稼动率',89)
INSERT INTO Sys_DDJiaDongRateTrend(DeviceType,DeviceName,Number)VALUES  ('设备三','稼动率',79)
INSERT INTO Sys_DDJiaDongRateTrend(DeviceType,DeviceName,Number)VALUES  ('设备四','稼动率',99)
INSERT INTO Sys_DDJiaDongRateTrend(DeviceType,DeviceName,Number)VALUES  ('设备五','稼动率',58)

CREATE TABLE Sys_DDPassRateTrend --设备详情:设备合格率趋势    
(
	id int identity (1,1) primary KEY,
	DeviceType varchar(50)  NULL, --设备类型
	DeviceName varchar(50)  NULL,--设备名
	Number INT,--数据
	AcctDate DATE,--数据日期
	CreationTime DATETIME not null default getdate(),--创建时间
	IsEffective int DEFAULT 1 -- 0 无效 1 有效 1显示
)
INSERT INTO Sys_DDPassRateTrend(DeviceType,DeviceName,Number,AcctDate)VALUES  ('2020-08-10','合格率',95,'2020-08-10')
INSERT INTO Sys_DDPassRateTrend(DeviceType,DeviceName,Number,AcctDate)VALUES  ('2020-08-11','合格率',89,'2020-08-11')
INSERT INTO Sys_DDPassRateTrend(DeviceType,DeviceName,Number,AcctDate)VALUES  ('2020-08-12','合格率',79,'2020-08-12')
INSERT INTO Sys_DDPassRateTrend(DeviceType,DeviceName,Number,AcctDate)VALUES  ('2020-08-13','合格率',99,'2020-08-13')
INSERT INTO Sys_DDPassRateTrend(DeviceType,DeviceName,Number,AcctDate)VALUES  ('2020-08-14','合格率',58,'2020-08-14')
INSERT INTO Sys_DDPassRateTrend(DeviceType,DeviceName,Number,AcctDate)VALUES  ('2020-08-15','合格率',82,'2020-08-15')
INSERT INTO Sys_DDPassRateTrend(DeviceType,DeviceName,Number,AcctDate)VALUES  ('2020-08-16','合格率',20,'2020-08-16')



CREATE table Sys_DDEquipmentPartsList--设备详情:设备加工工件历史清单  
(  
	id int identity (1,1) primary key , 
	MoldNo varchar(50)  NULL, --模具编号
	PartNumber varchar(50)  NULL, --零件编号
	PlannedEquipment varchar(50)  NULL,--计划设备
	StartTime DATETIME, --开始时间
	ENDTime DATETIME, --结束时间
	LatestStartTime DATETIME,--最晚开始时间
	WorkingHours varchar(50)  NULL,--标准工时
	Customer  varchar(50)  NULL,--客户
	MoldKernelMaterial varchar(50)  NULL,--模仁材质
	Category varchar(50)  NULL,--类别
	CreationTime DATETIME not null default getdate(),--创建时间
	IsEffective int DEFAULT 1 -- 0 无效 1 有效 1显示
) 
INSERT INTO Sys_DDEquipmentPartsList(MoldNo ,PartNumber ,PlannedEquipment ,StartTime ,ENDTime ,LatestStartTime,WorkingHours ,Customer ,MoldKernelMaterial ,Category)
VALUES ('IK19001' ,'F01' ,'GF01' ,GETDATE() ,GETDATE() ,GETDATE() ,2 ,'INNER' ,8407 ,2)
INSERT INTO Sys_DDEquipmentPartsList(MoldNo ,PartNumber ,PlannedEquipment ,StartTime ,ENDTime ,LatestStartTime,WorkingHours ,Customer ,MoldKernelMaterial ,Category)
VALUES ('IK19001' ,'F01' ,'GF01' ,GETDATE() ,GETDATE() ,GETDATE() ,2 ,'INNER' ,8407 ,2)




CREATE TABLE Sys_TODepartmentJiaDongRate --班组总览:各部门稼动率对比    Sys_DDJiaDongRateTrend  /EquipmentMaintain/DeviceDetails/Index
(
	id int identity (1,1) primary KEY,
	DeviceType varchar(50)  NULL, --设备类型
	DeviceName varchar(50)  NULL,--设备名
	Number INT,--数据
	CreationTime DATETIME not null default getdate(),--创建时间
	IsEffective int DEFAULT 1 -- 0 无效 1 有效 1显示
)
INSERT INTO Sys_TODepartmentJiaDongRate(DeviceType,DeviceName,Number)VALUES  ('CNC钢材A组','稼动率',60)
INSERT INTO Sys_TODepartmentJiaDongRate(DeviceType,DeviceName,Number)VALUES  ('CNC钢材B组','稼动率',50)
INSERT INTO Sys_TODepartmentJiaDongRate(DeviceType,DeviceName,Number)VALUES  ('EDM钢材A组','稼动率',85)
INSERT INTO Sys_TODepartmentJiaDongRate(DeviceType,DeviceName,Number)VALUES  ('EDM钢材B组','稼动率',40)
INSERT INTO Sys_TODepartmentJiaDongRate(DeviceType,DeviceName,Number)VALUES  ('WE钢材A组','稼动率',79)


CREATE TABLE Sys_TOTeamLoadRate --班组总览：各班组负载、合格率对比         Sys_TDDepartmentLoad   /TeamTask/TeamDetails/Index
(
	id int identity (1,1) primary KEY,
	DeviceType varchar(50)  NULL, --设备类型
	DeviceName varchar(50)  NULL,--设备名
	Number INT,--合格率
	CreationTime DATETIME not null default getdate(),--创建时间
	IsEffective int DEFAULT 1 -- 0 无效 1 有效 1显示
) 
INSERT INTO Sys_TOTeamLoadRate(DeviceType,DeviceName,Number)VALUES  ('班组一','产能',62)
INSERT INTO Sys_TOTeamLoadRate(DeviceType,DeviceName,Number)VALUES  ('班组一','负荷',45)
INSERT INTO Sys_TOTeamLoadRate(DeviceType,DeviceName,Number)VALUES  ('班组一','合格率',65)
INSERT INTO Sys_TOTeamLoadRate(DeviceType,DeviceName,Number)VALUES  ('班组二','产能',62)
INSERT INTO Sys_TOTeamLoadRate(DeviceType,DeviceName,Number)VALUES  ('班组二','负荷',45)
INSERT INTO Sys_TOTeamLoadRate(DeviceType,DeviceName,Number)VALUES  ('班组二','合格率',65)
INSERT INTO Sys_TOTeamLoadRate(DeviceType,DeviceName,Number)VALUES  ('班组三','产能',62)
INSERT INTO Sys_TOTeamLoadRate(DeviceType,DeviceName,Number)VALUES  ('班组三','负荷',45)
INSERT INTO Sys_TOTeamLoadRate(DeviceType,DeviceName,Number)VALUES  ('班组三','合格率',65)
INSERT INTO Sys_TOTeamLoadRate(DeviceType,DeviceName,Number)VALUES  ('班组四','产能',62)
INSERT INTO Sys_TOTeamLoadRate(DeviceType,DeviceName,Number)VALUES  ('班组四','负荷',45)
INSERT INTO Sys_TOTeamLoadRate(DeviceType,DeviceName,Number)VALUES  ('班组四','合格率',65)
INSERT INTO Sys_TOTeamLoadRate(DeviceType,DeviceName,Number)VALUES  ('班组五','产能',62)
INSERT INTO Sys_TOTeamLoadRate(DeviceType,DeviceName,Number)VALUES  ('班组五','负荷',45)
INSERT INTO Sys_TOTeamLoadRate(DeviceType,DeviceName,Number)VALUES  ('班组五','合格率',65)


CREATE table Sys_TOTeamOverviewList--班组总览:列表  
(  
	id int identity (1,1) primary key , 
	TeamName varchar(50)  NULL, --班组
	Personnel varchar(50)  NULL, --人员
	Equipment varchar(50)  NULL,--设备
	JDongRate INT ,  --稼动率
	ProcessLoad  FLOAT NULL, --工序负载
	PassRate FLOAT NULL,--合格率
	TreatMachining varchar(50)  NULL,--待加工（件）
	Processing varchar(50)  NULL,--加工中
	CreationTime DATETIME not null default getdate(),--创建时间
	IsEffective int DEFAULT 1 -- 0 无效 1 有效 1显示
) 
INSERT INTO Sys_TOTeamOverviewList(TeamName,Personnel,Equipment,JDongRate,ProcessLoad,PassRate,TreatMachining,Processing)VALUES('CNC','13','14',70,142.3,96.3,'12','8');

CREATE table Sys_FitterHomepageList  -- 钳工主页:装配任务清单
(  
	id int identity (1,1) primary key , 
	ProductName varchar(50)  NULL,--品名
	MoldNumber  VARCHAR(50)  NULL,--模具号
	ReceivingDate DATE, --接单日期
	CustomerDelivery  DATE, --客户交期
	MoldType varchar(50)  NULL, --模具类型
	PlannedDeliveryDate DATE, --计划交期
	MachineTonnage varchar(50)  NULL,--机台吨位
	IsSlider varchar(50)  NULL,--是否有滑块
	ProductSize varchar(50)  NULL,--产品尺寸
	RunnerSystem varchar(50)  NULL,--流道系统
	Fitter varchar(50)  NULL,--负责钳工
	MoldStatus VARCHAR(50), --模具状态
	CreationTime DATETIME not null default getdate(),--创建时间
	IsEffective int DEFAULT 1 -- 0 无效 1 有效 1显示
) 
INSERT INTO Sys_FitterHomepageList(ProductName,MoldNumber,ReceivingDate,CustomerDelivery,MoldType,PlannedDeliveryDate,MachineTonnage,IsSlider,ProductSize,
RunnerSystem,Fitter,MoldStatus)VALUES('BX190613001','WX190614003',GETDATE(),GETDATE(),'新模',GETDATE(),'400T','否','2','LNNER','','正常交付')

CREATE table Sys_ADAbnormalProportion--装配详情:加工异常比例
(  
	id int identity (1,1) primary key , 
	WorkingProcedure varchar(50)  NULL,--工序
	Workpiece varchar(50)  NULL,--工件
	StartTime DATETIME,--开始时间
	EndTime DATETIME,--结束时间
	Duration INT,--时长
	CreationTime DATETIME not null default getdate(),--创建时间
	IsEffective int DEFAULT 1 -- 0 无效 1 有效 1显示
) 
INSERT INTO Sys_ADAbnormalProportion(WorkingProcedure,Workpiece,StartTime,EndTime,Duration)VALUES('铣床','/i-quicker/img/product/collection/cnc1.png',getdate(),getdate(),10)
INSERT INTO Sys_ADAbnormalProportion(WorkingProcedure,Workpiece,StartTime,EndTime,Duration)VALUES('铣床','',getdate(),getdate(),30)

CREATE table Sys_ADOutsourcingPartsList  --装配详情:外协件清单及返厂时间
(  
	id int identity (1,1) primary key , 
	MoldNo varchar(50)  NULL, --模具编号
	WorkpieceNo varchar(50)  NULL,--工件编号
	WorkpieceName varchar(50)  NULL,--工件名称
	Material varchar(50)  NULL,--材料
	Hardness varchar(50)  NULL, --硬度
	Specifications varchar(50)  NULL, --规格
	PlannedDeliveryDate DATE, --计划交期
	ActualDeliveryDate DATE, --实际交期
	CreationTime DATETIME not null default getdate(),--创建时间
	IsEffective int DEFAULT 1 -- 0 无效 1 有效 1显示
) 
INSERT INTO Sys_ADOutsourcingPartsList(MoldNo,WorkpieceNo,WorkpieceName,Material,Hardness,Specifications,PlannedDeliveryDate,ActualDeliveryDate)VALUES('20OC2003','111*1','','','','',GETDATE(),GETDATE())

CREATE table Sys_ADBillOfMaterials--装配详情:物料清单及到货时间？自制件加工进度
(  
	id int identity (1,1) primary key , 
	MoldNo varchar(50)  NULL, --模具编号
	TENo varchar(50)  NULL, --T/E号
	PartNumber varchar(50)  NULL, --零件编号
	PartName  varchar(50)  NULL, --零件名称
	Type varchar(50)  NULL, --类型
	Number  int,--数量
	Brand varchar(50)  NULL,--品牌
	Material varchar(50)  NULL,--材料
	Hardness varchar(50)  NULL, --硬度
	Specifications varchar(50)  NULL, --规格
	Receiver varchar(50)  NULL, --接收人员
	ReceivingTime DATE, --接收时间
	TableType varchar(10)  NULL, --物料清单及到货时间(WL)？自制件加工进度(ZZ)
	CreationTime DATETIME not null default getdate(),--创建时间
	IsEffective int DEFAULT 1 -- 0 无效 1 有效 1显示
) 
INSERT INTO Sys_ADBillOfMaterials(MoldNo,TENo,PartNumber,PartName,Type,Number,Brand,Material,Hardness,Specifications,Receiver,ReceivingTime,TableType)VALUES
('20OC2003','A','5001','圆顶针01','自制件',2,'MISUMI','SKH51','','','',GETDATE(),'WL')
INSERT INTO Sys_ADBillOfMaterials(MoldNo,TENo,PartNumber,PartName,Type,Number,Brand,Material,Hardness,Specifications,Receiver,ReceivingTime,TableType)VALUES
('20OC2003','A','5002','圆顶针02','自制件',2,'MISUMI','SKH51','','','',GETDATE(),'WL')
INSERT INTO Sys_ADBillOfMaterials(MoldNo,TENo,PartNumber,PartName,Type,Number,Brand,Material,Hardness,Specifications,Receiver,ReceivingTime,TableType)VALUES
('20OC2003','A','5001','圆顶针01','自制件',2,'MISUMI','SKH51','','','',GETDATE(),'ZZ')
INSERT INTO Sys_ADBillOfMaterials(MoldNo,TENo,PartNumber,PartName,Type,Number,Brand,Material,Hardness,Specifications,Receiver,ReceivingTime,TableType)VALUES
('20OC2003','A','5002','圆顶针02','自制件',2,'MISUMI','SKH51','','','',GETDATE(),'ZZ')


CREATE TABLE Sys_MQRStatisticalProportion --模具品质报表:统计比例
(
	id int identity (1,1) primary KEY,
	DeviceType varchar(50)  NULL, --设备类型
	DeviceName varchar(50)  NULL,--设备名
	Number INT,--数据
	Type varchar(50)  NULL,--类型 (按班组、按人员、按设备)
	CreationTime DATETIME not null default getdate(),--创建时间
	IsEffective int DEFAULT 1 -- 0 无效 1 有效 1显示
)
INSERT INTO Sys_MQRStatisticalProportion(DeviceType,DeviceName,Number,Type)VALUES('班组一','统计比例',18,'按班组')
INSERT INTO Sys_MQRStatisticalProportion(DeviceType,DeviceName,Number,Type)VALUES('班组二','统计比例',78,'按班组')
INSERT INTO Sys_MQRStatisticalProportion(DeviceType,DeviceName,Number,Type)VALUES('班组三','统计比例',61,'按班组')
INSERT INTO Sys_MQRStatisticalProportion(DeviceType,DeviceName,Number,Type)VALUES('班组四','统计比例',30,'按班组')
INSERT INTO Sys_MQRStatisticalProportion(DeviceType,DeviceName,Number,Type)VALUES('班组五','统计比例',82,'按班组')
INSERT INTO Sys_MQRStatisticalProportion(DeviceType,DeviceName,Number,Type)VALUES('班组六','统计比例',30,'按班组')
INSERT INTO Sys_MQRStatisticalProportion(DeviceType,DeviceName,Number,Type)VALUES('班组七','统计比例',30,'按班组')
INSERT INTO Sys_MQRStatisticalProportion(DeviceType,DeviceName,Number,Type)VALUES('班组八','统计比例',30,'按班组')
INSERT INTO Sys_MQRStatisticalProportion(DeviceType,DeviceName,Number,Type)VALUES('人员一','统计比例',28,'按人员')
INSERT INTO Sys_MQRStatisticalProportion(DeviceType,DeviceName,Number,Type)VALUES('人员二','统计比例',38,'按人员')
INSERT INTO Sys_MQRStatisticalProportion(DeviceType,DeviceName,Number,Type)VALUES('人员三','统计比例',41,'按人员')
INSERT INTO Sys_MQRStatisticalProportion(DeviceType,DeviceName,Number,Type)VALUES('人员四','统计比例',50,'按人员')
INSERT INTO Sys_MQRStatisticalProportion(DeviceType,DeviceName,Number,Type)VALUES('人员五','统计比例',62,'按人员')
INSERT INTO Sys_MQRStatisticalProportion(DeviceType,DeviceName,Number,Type)VALUES('人员六','统计比例',70,'按人员')
INSERT INTO Sys_MQRStatisticalProportion(DeviceType,DeviceName,Number,Type)VALUES('人员七','统计比例',80,'按人员')
INSERT INTO Sys_MQRStatisticalProportion(DeviceType,DeviceName,Number,Type)VALUES('人员八','统计比例',90,'按人员')
INSERT INTO Sys_MQRStatisticalProportion(DeviceType,DeviceName,Number,Type)VALUES('设备一','统计比例',28,'按设备')
INSERT INTO Sys_MQRStatisticalProportion(DeviceType,DeviceName,Number,Type)VALUES('设备二','统计比例',38,'按设备')
INSERT INTO Sys_MQRStatisticalProportion(DeviceType,DeviceName,Number,Type)VALUES('设备三','统计比例',41,'按设备')
INSERT INTO Sys_MQRStatisticalProportion(DeviceType,DeviceName,Number,Type)VALUES('设备四','统计比例',50,'按设备')
INSERT INTO Sys_MQRStatisticalProportion(DeviceType,DeviceName,Number,Type)VALUES('设备五','统计比例',62,'按设备')
INSERT INTO Sys_MQRStatisticalProportion(DeviceType,DeviceName,Number,Type)VALUES('设备六','统计比例',70,'按设备')
INSERT INTO Sys_MQRStatisticalProportion(DeviceType,DeviceName,Number,Type)VALUES('设备七','统计比例',80,'按设备')
INSERT INTO Sys_MQRStatisticalProportion(DeviceType,DeviceName,Number,Type)VALUES('设备八','统计比例',10,'按设备')


CREATE TABLE Sys_MQRNumberOfAnomalies --模具品质报表:总异常数量
(
	id int identity (1,1) primary KEY,
	DeviceType varchar(50)  NULL, --设备类型
	DeviceName varchar(50)  NULL,--设备名
	Number INT,--数据
	AcctDate DATE,--数据日期
	CreationTime DATETIME not null default getdate(),--创建时间
	IsEffective int DEFAULT 1 -- 0 无效 1 有效 1显示
)
INSERT INTO dbo.Sys_MQRNumberOfAnomalies(DeviceType,DeviceName,Number,AcctDate)VALUES  ('模仁','异常',45,'2020-11-25')
INSERT INTO dbo.Sys_MQRNumberOfAnomalies(DeviceType,DeviceName,Number,AcctDate)VALUES  ('镶件','异常',60,'2020-11-25')
INSERT INTO dbo.Sys_MQRNumberOfAnomalies(DeviceType,DeviceName,Number,AcctDate)VALUES  ('滑块','异常',30,'2020-11-25')
INSERT INTO dbo.Sys_MQRNumberOfAnomalies(DeviceType,DeviceName,Number,AcctDate)VALUES  ('斜顶','异常',80,'2020-11-25')
INSERT INTO dbo.Sys_MQRNumberOfAnomalies(DeviceType,DeviceName,Number,AcctDate)VALUES  ('模仁','异常',10,'2020-11-26')
INSERT INTO dbo.Sys_MQRNumberOfAnomalies(DeviceType,DeviceName,Number,AcctDate)VALUES  ('镶件','异常',70,'2020-11-26')
INSERT INTO dbo.Sys_MQRNumberOfAnomalies(DeviceType,DeviceName,Number,AcctDate)VALUES  ('滑块','异常',50,'2020-11-26')
INSERT INTO dbo.Sys_MQRNumberOfAnomalies(DeviceType,DeviceName,Number,AcctDate)VALUES  ('斜顶','异常',90,'2020-11-26')


CREATE table Sys_MQRAbnormalCostStatistics--模具品质报表:异常成本统计  
(  
	id int identity (1,1) primary key , 
	MoldNo varchar(50)  NULL, --模具编号
	PartNumber varchar(50)  NULL, --零件编号
	PlannedEquipment varchar(50)  NULL,--计划设备
	StartTime DATETIME, --开始时间
	ENDTime DATETIME, --结束时间
	LatestStartTime DATETIME,--最晚开始时间
	WorkingHours varchar(50)  NULL,--标准工时
	Customer  varchar(50)  NULL,--客户
	MoldKernelMaterial varchar(50)  NULL,--模仁材质
	Category varchar(50)  NULL,--类别
    Colour varchar(50)  NULL,  --灯的颜色
	CreationTime DATETIME not null default getdate(),--创建时间
	IsEffective int DEFAULT 1 -- 0 无效 1 有效 1显示
) 
INSERT INTO Sys_MQRAbnormalCostStatistics(MoldNo ,PartNumber ,PlannedEquipment ,StartTime ,ENDTime ,LatestStartTime,WorkingHours ,Customer ,MoldKernelMaterial ,Category,Colour)
VALUES ('IK19001' ,'F01' ,'GF01' ,GETDATE() ,GETDATE() ,GETDATE() ,2 ,'INNER' ,8407 ,2,'#0000FF')
INSERT INTO Sys_MQRAbnormalCostStatistics(MoldNo ,PartNumber ,PlannedEquipment ,StartTime ,ENDTime ,LatestStartTime,WorkingHours ,Customer ,MoldKernelMaterial ,Category,Colour)
VALUES ('IK19001' ,'F01' ,'GF01' ,GETDATE() ,GETDATE() ,GETDATE() ,2 ,'INNER' ,8407 ,2,'#FF9900')


CREATE table Sys_QualityExceptionQueryList--品质异常查询:List   
(  
	id int identity (1,1) primary key , 
	ParentId INT,		--与SubID关联 
	Department varchar(50)  NULL, --部门
	WorkingProcedure varchar(50)  NULL, --工序
	Pending INT,--待处理
	TeCai  INT,--特采
	Rework INT,--返工
	Repair INT,--修补
	Scrap  INT,--报废
	Total  INT,--合计
	CreationTime DATETIME not null default getdate(),--创建时间
	IsEffective int DEFAULT 1 -- 0 无效 1 有效 1显示
) 
INSERT INTO Sys_QualityExceptionQueryList(ParentId,Department,WorkingProcedure,Pending,TeCai,Rework,Repair,Scrap,Total)VALUES(2,'CNC','精加工',9,4,3,9,1,8) 
INSERT INTO Sys_QualityExceptionQueryList(ParentId,Department,WorkingProcedure,Pending,TeCai,Rework,Repair,Scrap,Total)VALUES(3,'CNC','精加工',1,2,3,4,5,6) 

CREATE table Sys_QualityExceptionQueryDetailedList--品质异常查询:明细   
(  
	id int identity (1,1) primary key , 
	SubID INT,		 
	QualityNo varchar(50)  NULL, --品质单号
	MoldNo varchar(50)  NULL, --模具编号
	WorkpieceNo varchar(50)  NULL,--工件编号
	WorkpieceName  varchar(50)  NULL,--工件名称
	ProcessingProcedure  varchar(50)  NULL,--加工工序
	ResponsibleDepartment  varchar(50)  NULL,--责任部门
	PersonLiable  varchar(50)  NULL,--责任人
	QualityInspectionType varchar(50)  NULL,--质检类型
	TestContent varchar(100)  NULL,--检测内容
	DetectionResult varchar(50)  NULL,--检测结果
	Judge varchar(50)  NULL,--判定人
	ExceptionType varchar(50)  NULL,--异常类型
	ProcessingResults varchar(50)  NULL,--处理结果
	CreationTime DATETIME not null default getdate(),--创建时间
	IsEffective int DEFAULT 1 -- 0 无效 1 有效 1显示
) 
INSERT INTO Sys_QualityExceptionQueryDetailedList(SubID,QualityNo,MoldNo,WorkpieceNo,WorkpieceName,ProcessingProcedure,ResponsibleDepartment,PersonLiable,
QualityInspectionType,TestContent,DetectionResult,Judge,ExceptionType,ProcessingResults)VALUES(2,'QC20061004','20KK103DK[T0]','506-2','斜顶','一般精加工',
'EDM组','123','品质专检','检测重要尺寸','不合格','123','尺寸超过公差要求','特采')
INSERT INTO Sys_QualityExceptionQueryDetailedList(SubID,QualityNo,MoldNo,WorkpieceNo,WorkpieceName,ProcessingProcedure,ResponsibleDepartment,PersonLiable,
QualityInspectionType,TestContent,DetectionResult,Judge,ExceptionType,ProcessingResults)VALUES(2,'QC20061004','20KK103DK[T0]','506-2','斜顶','一般精加工',
'EDM组','456','品质专检','检测重要尺寸','不合格','123','尺寸超过公差要求','特采')
INSERT INTO Sys_QualityExceptionQueryDetailedList(SubID,QualityNo,MoldNo,WorkpieceNo,WorkpieceName,ProcessingProcedure,ResponsibleDepartment,PersonLiable,
QualityInspectionType,TestContent,DetectionResult,Judge,ExceptionType,ProcessingResults)VALUES(3,'QC20061004','20KK103DK[T0]','506-2','斜顶','一般精加工',
'EDM组','789','品质专检','检测重要尺寸','不合格','123','尺寸超过公差要求','特采')


CREATE TABLE Sys_VDQualifizierteVerarbeitungsrate --版本详情:加工合格率？加工进度
(
	id int identity (1,1) primary KEY,
	DeviceType varchar(50)  NULL, --设备类型
	DeviceName varchar(50)  NULL,--设备名
	Number INT,--数据
	Type varchar(50)  NULL,--类型 (HGL,JD)
	CreationTime DATETIME not null default getdate(),--创建时间
	IsEffective int DEFAULT 1 -- 0 无效 1 有效 1显示
)
INSERT INTO Sys_VDQualifizierteVerarbeitungsrate(DeviceType,DeviceName,Number,Type)VALUES('T0','加工合格率',18,'HGL')
INSERT INTO Sys_VDQualifizierteVerarbeitungsrate(DeviceType,DeviceName,Number,Type)VALUES('T1','加工合格率',78,'HGL')
INSERT INTO Sys_VDQualifizierteVerarbeitungsrate(DeviceType,DeviceName,Number,Type)VALUES('T2','加工合格率',61,'HGL')
INSERT INTO Sys_VDQualifizierteVerarbeitungsrate(DeviceType,DeviceName,Number,Type)VALUES('T3','加工合格率',30,'HGL')
INSERT INTO Sys_VDQualifizierteVerarbeitungsrate(DeviceType,DeviceName,Number,Type)VALUES('T4','加工合格率',82,'HGL')
INSERT INTO Sys_VDQualifizierteVerarbeitungsrate(DeviceType,DeviceName,Number,Type)VALUES('T5','加工合格率',30,'HGL')
INSERT INTO Sys_VDQualifizierteVerarbeitungsrate(DeviceType,DeviceName,Number,Type)VALUES('T6','加工合格率',30,'HGL')
INSERT INTO Sys_VDQualifizierteVerarbeitungsrate(DeviceType,DeviceName,Number,Type)VALUES('T0','加工进度',18,'JD')
INSERT INTO Sys_VDQualifizierteVerarbeitungsrate(DeviceType,DeviceName,Number,Type)VALUES('T1','加工进度',78,'JD')
INSERT INTO Sys_VDQualifizierteVerarbeitungsrate(DeviceType,DeviceName,Number,Type)VALUES('T2','加工进度',61,'JD')
INSERT INTO Sys_VDQualifizierteVerarbeitungsrate(DeviceType,DeviceName,Number,Type)VALUES('T3','加工进度',30,'JD')
INSERT INTO Sys_VDQualifizierteVerarbeitungsrate(DeviceType,DeviceName,Number,Type)VALUES('T4','加工进度',10,'JD')
INSERT INTO Sys_VDQualifizierteVerarbeitungsrate(DeviceType,DeviceName,Number,Type)VALUES('T5','加工进度',30,'JD')
INSERT INTO Sys_VDQualifizierteVerarbeitungsrate(DeviceType,DeviceName,Number,Type)VALUES('T6','加工进度',99,'JD')

CREATE table Sys_VDKostenDerVerarbeitung  --版本详情:加工成本
(  
	id int identity (1,1) primary key , 
	ModuleNumber varchar(50)  NULL,--模号
	WorkpieceNo varchar(50)  NULL,--工件号
	WorkingProcedure varchar(50)  NULL,--额外工序
	Supplier varchar(50)  NULL,--供应商
	PlannedDeliveryDate DATE, --计划交期
	DaysOfExtension INT,--延期天数
	OrderStatus VARCHAR(20), --状态
	CreationTime DATETIME not null default getdate(),--创建时间
	IsEffective int DEFAULT 1 -- 0 无效 1 有效 1显示
) 
INSERT INTO Sys_VDKostenDerVerarbeitung(ModuleNumber,WorkpieceNo,WorkingProcedure,Supplier,PlannedDeliveryDate,DaysOfExtension,OrderStatus)VALUES('20OC2003','202_1','铣床','K5',GETDATE(),6,'加工中')
INSERT INTO Sys_VDKostenDerVerarbeitung(ModuleNumber,WorkpieceNo,WorkingProcedure,Supplier,PlannedDeliveryDate,DaysOfExtension,OrderStatus)VALUES('20OC2003','202_2','热处理','KS',GETDATE(),3,'加工中')
INSERT INTO Sys_VDKostenDerVerarbeitung(ModuleNumber,WorkpieceNo,WorkingProcedure,Supplier,PlannedDeliveryDate,DaysOfExtension,OrderStatus)VALUES('20OC2003','202_2','热处理','KS',GETDATE(),4,'加工中')
INSERT INTO Sys_VDKostenDerVerarbeitung(ModuleNumber,WorkpieceNo,WorkingProcedure,Supplier,PlannedDeliveryDate,DaysOfExtension,OrderStatus)VALUES('20OC2003','202_2','热处理','KS',GETDATE(),4,'加工中')
INSERT INTO Sys_VDKostenDerVerarbeitung(ModuleNumber,WorkpieceNo,WorkingProcedure,Supplier,PlannedDeliveryDate,DaysOfExtension,OrderStatus)VALUES('20OC2003','202_2','热处理','KS',GETDATE(),5,'加工中')
INSERT INTO Sys_VDKostenDerVerarbeitung(ModuleNumber,WorkpieceNo,WorkingProcedure,Supplier,PlannedDeliveryDate,DaysOfExtension,OrderStatus)VALUES('20OC2003','202_2','热处理','KS',GETDATE(),5,'加工中')
INSERT INTO Sys_VDKostenDerVerarbeitung(ModuleNumber,WorkpieceNo,WorkingProcedure,Supplier,PlannedDeliveryDate,DaysOfExtension,OrderStatus)VALUES('20OC2003','202_2','热处理','KS',GETDATE(),7,'加工中')
INSERT INTO Sys_VDKostenDerVerarbeitung(ModuleNumber,WorkpieceNo,WorkingProcedure,Supplier,PlannedDeliveryDate,DaysOfExtension,OrderStatus)VALUES('20OC2003','202_2','热处理','KS',GETDATE(),5,'加工中')


CREATE TABLE Sys_VDWorkpieceTypeProportion --版本详情:工件类型按大类比例
(
	id int identity (1,1) primary KEY,
	Name varchar(50)  NULL,--物品
	Cost FLOAT  , --成本
	AcctDate DATE,--数据日期
	CreationTime DATETIME not null default getdate(),--创建时间
	IsEffective int DEFAULT 1 -- 0 无效 1 有效 1显示
)
INSERT INTO Sys_VDWorkpieceTypeProportion(Name,Cost,AcctDate)VALUES  ('镶件',23,'2020-11-29')
INSERT INTO Sys_VDWorkpieceTypeProportion(Name,Cost,AcctDate)VALUES  ('滑块',26,'2020-11-29')
INSERT INTO Sys_VDWorkpieceTypeProportion(Name,Cost,AcctDate)VALUES  ('斜顶',17,'2020-11-29')
INSERT INTO Sys_VDWorkpieceTypeProportion(Name,Cost,AcctDate)VALUES  ('模仁',34,'2020-11-29')
INSERT INTO Sys_VDWorkpieceTypeProportion(Name,Cost,AcctDate)VALUES  ('镶件',10,'2020-11-30')
INSERT INTO Sys_VDWorkpieceTypeProportion(Name,Cost,AcctDate)VALUES  ('滑块',20,'2020-11-30')
INSERT INTO Sys_VDWorkpieceTypeProportion(Name,Cost,AcctDate)VALUES  ('斜顶',30,'2020-11-30')
INSERT INTO Sys_VDWorkpieceTypeProportion(Name,Cost,AcctDate)VALUES  ('模仁',40,'2020-11-30')


CREATE table Sys_VDWorkpieceScheduleList--版本详情:工件进度清单  
(  
	id int identity (1,1) primary key , 
	MoldNo varchar(50)  NULL, --模具编号
	PartNumber varchar(50)  NULL, --零件编号
	PlannedEquipment varchar(50)  NULL,--计划设备
	StartTime DATETIME, --开始时间
	ENDTime DATETIME, --结束时间
	LatestStartTime DATETIME,--最晚开始时间
	WorkingHours varchar(50)  NULL,--标准工时
	Customer  varchar(50)  NULL,--客户
	EarlyWarning VARCHAR(20),--加工进度 显示3个值，用;来分割数据。
	CreationTime DATETIME not null default getdate(),--创建时间
	IsEffective int DEFAULT 1 -- 0 无效 1 有效 1显示
) 
INSERT INTO Sys_VDWorkpieceScheduleList(MoldNo ,PartNumber ,PlannedEquipment ,StartTime ,ENDTime ,LatestStartTime,WorkingHours ,Customer ,EarlyWarning)
VALUES ('IK19001' ,'F01' ,'GF01' ,GETDATE() ,GETDATE() ,GETDATE() ,2 ,'INNER' ,'0.24;0.61')
INSERT INTO Sys_VDWorkpieceScheduleList(MoldNo ,PartNumber ,PlannedEquipment ,StartTime ,ENDTime ,LatestStartTime,WorkingHours ,Customer ,EarlyWarning)
VALUES ('IK19001' ,'F01' ,'GF01' ,GETDATE() ,GETDATE() ,GETDATE() ,2 ,'INNER' ,'0.92')

--开始时间  结束时间 
--（变更详情信息）设变时间   （版本清单）试模日期    (加工成本) 分配时间

CREATE table Sys_MQMouldList--模具查询:模具清单                Sys_MQRAbnormalCostStatistics--模具品质报表:异常成本统计  
(  
	id int identity (1,1) primary key , 
	MoldNo varchar(50)  NULL, --模具编号
	PartNumber varchar(50)  NULL, --零件编号
	PlannedEquipment varchar(50)  NULL,--计划设备
	StartTime DATETIME, --开始时间
	ENDTime DATETIME, --结束时间
	LatestStartTime DATETIME,--最晚开始时间
	WorkingHours varchar(50)  NULL,--标准工时
	Customer  varchar(50)  NULL,--客户
	MoldKernelMaterial varchar(50)  NULL,--模仁材质
	CreationTime DATETIME not null default getdate(),--创建时间
	IsEffective int DEFAULT 1 -- 0 无效 1 有效 1显示
) 
INSERT INTO Sys_MQMouldList(MoldNo ,PartNumber ,PlannedEquipment ,StartTime ,ENDTime ,LatestStartTime,WorkingHours ,Customer ,MoldKernelMaterial)
VALUES ('IK19001' ,'F01' ,'GF01' ,GETDATE() ,GETDATE() ,GETDATE() ,2 ,'INNER' ,'已修好')
INSERT INTO Sys_MQMouldList(MoldNo ,PartNumber ,PlannedEquipment ,StartTime ,ENDTime ,LatestStartTime,WorkingHours ,Customer ,MoldKernelMaterial)
VALUES ('IK19001' ,'F01' ,'GF01' ,GETDATE() ,GETDATE() ,GETDATE() ,2 ,'INNER' ,'已修好')


CREATE table Sys_MQDesignChangeDetails--新模设变详情:设变详细信息
(  
	id int identity (1,1) primary key , 
	MoldNo varchar(50)  NULL, --模具编号
	DCSource varchar(50)  NULL, --设变来源
	DCContent varchar(50)  NULL, --设变内容
	DCTime DATE, --设变时间
	ChangeOrderNo varchar(50)  NULL, --更改单号
	ChangeDescription varchar(50)  NULL,--更改内容描述
	ReasonForChange varchar(50)  NULL,--更改原因
	RelatedTests  varchar(50)  NULL,--相关测试情况
	ChangeType varchar(50)  NULL,--更改类型
	EstimatedTime DATE,--预计时间
	CreationTime DATETIME not null default getdate(),--创建时间
	IsEffective int DEFAULT 1 -- 0 无效 1 有效 1显示
) 
INSERT INTO Sys_MQDesignChangeDetails(MoldNo,DCSource,DCContent,DCTime,ChangeOrderNo,ChangeDescription,ReasonForChange,RelatedTests,ChangeType,EstimatedTime)VALUES
('BX190613001','WX190614003','设变内容',GETDATE(),'新模','xx→oo','400T','否','2',GETDATE())


CREATE table Sys_MQVersionList--新模设变详情:版本清单
(  
	id int identity (1,1) primary key , 
	MoldNo varchar(50)  NULL,   --模具编号
	Customer varchar(50)  NULL, --客户
	MoldType varchar(50)  NULL, --模具类型
	MoldOpeningDate DATE,       --开模日期
	MoldTestDate DATE,          --试模日期
	PersonInCharge varchar(50)  NULL, --负责人
	MachineTonnage varchar(50)  NULL,--机台吨位
	MoldTestTimes varchar(50)  NULL,--试模次数
	FitterLeader  varchar(50)  NULL,--钳工组长
	FitterInCharge varchar(50)  NULL,--负责钳工
	IsApproval varchar(50)  NULL,--模具客户是否承认
	CreationTime DATETIME not null default getdate(),--创建时间
	IsEffective int DEFAULT 1 -- 0 无效 1 有效 1显示
) 
INSERT INTO Sys_MQVersionList(MoldNo,Customer,MoldType,MoldOpeningDate,MoldTestDate,PersonInCharge,MachineTonnage,MoldTestTimes,FitterLeader,FitterInCharge,IsApproval)VALUES
('BX190613001','LNNER','新模',GETDATE(),GETDATE(),'张三','400T','否','2','新模','')

CREATE table Sys_MQProcessingCost--新模设变详情:加工成本
(  
	id int identity (1,1) primary key , 
	WorkingGroup varchar(50)    NULL,   --工作组
	ProcessName varchar(50)  NULL,      --工序名称
	Operator varchar(50)  NULL,         --作业员
	MoldNo varchar(50)  NULL,           --模具编号
	VersionNumber varchar(50)  NULL,    --版本号
	WorkpieceNumber varchar(50)  NULL,  --工件编号
	NumberOfWorkpieces INT,             --工件数量
	PartName varchar(50) NULL,          --零件名称
	ProcessManHour varchar(50) NULL,    --工艺工时
	ActualWorkingHours varchar(50)  NULL,--实际工时
	OutputHours  varchar(50)  NULL,     --产出工时
	ProcessingEfficiency varchar(50) NULL,--加工效率
	AssignPersonnel varchar(50) NULL,   --分配人员
	AllocateTime DATETIME,              --分配时间
	CreationTime DATETIME not null default getdate(),--创建时间
	IsEffective int DEFAULT 1 -- 0 无效 1 有效 1显示
) 
INSERT INTO Sys_MQProcessingCost(WorkingGroup,ProcessName,Operator,MoldNo,VersionNumber,WorkpieceNumber,NumberOfWorkpieces,PartName,ProcessManHour,ActualWorkingHours,
OutputHours,ProcessingEfficiency,AssignPersonnel,AllocateTime)VALUES('EDM组','EDM放电','张三','GGGG','1','111',10,'','1.0','0.14','0.10','58.83','',GETDATE())

CREATE TABLE Sys_PDMonthlyPerformanceComparison --绩效详情：月度绩效横向对比
(
	id int identity (1,1) primary KEY,
	DeviceType varchar(50)  NULL, --设备类型
	DeviceName varchar(50)  NULL,--设备名
	Number INT,--合格率
	Type varchar(50)  NULL,--类型（）
	AcctDate DATE,--数据日期
	CreationTime DATETIME not null default getdate(),--创建时间
	IsEffective int DEFAULT 1 -- 0 无效 1 有效 1显示
) 
INSERT INTO Sys_PDMonthlyPerformanceComparison(DeviceType,DeviceName,Number,Type,AcctDate)VALUES  ('员工一','月度绩效横向对比',79,'CNC','2020-09-19')
INSERT INTO Sys_PDMonthlyPerformanceComparison(DeviceType,DeviceName,Number,Type,AcctDate)VALUES  ('员工二','月度绩效横向对比',39,'CNC','2020-09-19')
INSERT INTO Sys_PDMonthlyPerformanceComparison(DeviceType,DeviceName,Number,Type,AcctDate)VALUES  ('员工三','月度绩效横向对比',80,'CNC','2020-09-20')
INSERT INTO Sys_PDMonthlyPerformanceComparison(DeviceType,DeviceName,Number,Type,AcctDate)VALUES  ('员工四','月度绩效横向对比',52,'CNC','2020-09-20')
INSERT INTO Sys_PDMonthlyPerformanceComparison(DeviceType,DeviceName,Number,Type,AcctDate)VALUES  ('员工五','月度绩效横向对比',52,'CNC','2020-09-21')
INSERT INTO Sys_PDMonthlyPerformanceComparison(DeviceType,DeviceName,Number,Type,AcctDate)VALUES  ('员工六','月度绩效横向对比',25,'CNC','2020-09-21')
INSERT INTO Sys_PDMonthlyPerformanceComparison(DeviceType,DeviceName,Number,Type,AcctDate)VALUES  ('员工七','月度绩效横向对比',62,'CNC','2020-09-21')
INSERT INTO Sys_PDMonthlyPerformanceComparison(DeviceType,DeviceName,Number,Type,AcctDate)VALUES  ('员工八','月度绩效横向对比',25,'CNC','2020-09-21')
INSERT INTO Sys_PDMonthlyPerformanceComparison(DeviceType,DeviceName,Number,Type,AcctDate)VALUES  ('员工九','月度绩效横向对比',80,'CNC','2020-09-21')
INSERT INTO Sys_PDMonthlyPerformanceComparison(DeviceType,DeviceName,Number,Type,AcctDate)VALUES  ('员工十','月度绩效横向对比',25,'CNC','2020-09-21')
INSERT INTO Sys_PDMonthlyPerformanceComparison(DeviceType,DeviceName,Number,Type,AcctDate)VALUES  ('员工一','月度绩效横向对比',79,'CNC','2020-10-19')
INSERT INTO Sys_PDMonthlyPerformanceComparison(DeviceType,DeviceName,Number,Type,AcctDate)VALUES  ('员工二','月度绩效横向对比',39,'CNC','2020-10-19')
INSERT INTO Sys_PDMonthlyPerformanceComparison(DeviceType,DeviceName,Number,Type,AcctDate)VALUES  ('员工三','月度绩效横向对比',80,'CNC','2020-10-20')
INSERT INTO Sys_PDMonthlyPerformanceComparison(DeviceType,DeviceName,Number,Type,AcctDate)VALUES  ('员工四','月度绩效横向对比',52,'CNC','2020-10-20')
INSERT INTO Sys_PDMonthlyPerformanceComparison(DeviceType,DeviceName,Number,Type,AcctDate)VALUES  ('员工五','月度绩效横向对比',52,'CNC','2020-10-21')
INSERT INTO Sys_PDMonthlyPerformanceComparison(DeviceType,DeviceName,Number,Type,AcctDate)VALUES  ('员工六','月度绩效横向对比',25,'CNC','2020-10-21')
INSERT INTO Sys_PDMonthlyPerformanceComparison(DeviceType,DeviceName,Number,Type,AcctDate)VALUES  ('员工七','月度绩效横向对比',62,'CNC','2020-10-21')
INSERT INTO Sys_PDMonthlyPerformanceComparison(DeviceType,DeviceName,Number,Type,AcctDate)VALUES  ('员工八','月度绩效横向对比',25,'CNC','2020-10-21')
INSERT INTO Sys_PDMonthlyPerformanceComparison(DeviceType,DeviceName,Number,Type,AcctDate)VALUES  ('员工九','月度绩效横向对比',80,'CNC','2020-10-21')
INSERT INTO Sys_PDMonthlyPerformanceComparison(DeviceType,DeviceName,Number,Type,AcctDate)VALUES  ('员工十','月度绩效横向对比',25,'CNC','2020-10-21')

INSERT INTO Sys_PDMonthlyPerformanceComparison(DeviceType,DeviceName,Number,Type,AcctDate)VALUES  ('员工一','月度绩效横向对比',79,'EDM','2020-09-19')
INSERT INTO Sys_PDMonthlyPerformanceComparison(DeviceType,DeviceName,Number,Type,AcctDate)VALUES  ('员工二','月度绩效横向对比',39,'EDM','2020-09-19')
INSERT INTO Sys_PDMonthlyPerformanceComparison(DeviceType,DeviceName,Number,Type,AcctDate)VALUES  ('员工三','月度绩效横向对比',80,'EDM','2020-09-20')
INSERT INTO Sys_PDMonthlyPerformanceComparison(DeviceType,DeviceName,Number,Type,AcctDate)VALUES  ('员工四','月度绩效横向对比',52,'EDM','2020-09-20')
INSERT INTO Sys_PDMonthlyPerformanceComparison(DeviceType,DeviceName,Number,Type,AcctDate)VALUES  ('员工五','月度绩效横向对比',52,'EDM','2020-09-21')
INSERT INTO Sys_PDMonthlyPerformanceComparison(DeviceType,DeviceName,Number,Type,AcctDate)VALUES  ('员工六','月度绩效横向对比',25,'EDM','2020-09-21')
INSERT INTO Sys_PDMonthlyPerformanceComparison(DeviceType,DeviceName,Number,Type,AcctDate)VALUES  ('员工七','月度绩效横向对比',62,'EDM','2020-09-21')
INSERT INTO Sys_PDMonthlyPerformanceComparison(DeviceType,DeviceName,Number,Type,AcctDate)VALUES  ('员工八','月度绩效横向对比',25,'EDM','2020-09-21')
INSERT INTO Sys_PDMonthlyPerformanceComparison(DeviceType,DeviceName,Number,Type,AcctDate)VALUES  ('员工九','月度绩效横向对比',80,'EDM','2020-09-21')
INSERT INTO Sys_PDMonthlyPerformanceComparison(DeviceType,DeviceName,Number,Type,AcctDate)VALUES  ('员工十','月度绩效横向对比',25,'EDM','2020-09-21')
INSERT INTO Sys_PDMonthlyPerformanceComparison(DeviceType,DeviceName,Number,Type,AcctDate)VALUES  ('员工一','月度绩效横向对比',79,'EDM','2020-10-19')
INSERT INTO Sys_PDMonthlyPerformanceComparison(DeviceType,DeviceName,Number,Type,AcctDate)VALUES  ('员工二','月度绩效横向对比',39,'EDM','2020-10-19')
INSERT INTO Sys_PDMonthlyPerformanceComparison(DeviceType,DeviceName,Number,Type,AcctDate)VALUES  ('员工三','月度绩效横向对比',80,'EDM','2020-10-20')
INSERT INTO Sys_PDMonthlyPerformanceComparison(DeviceType,DeviceName,Number,Type,AcctDate)VALUES  ('员工四','月度绩效横向对比',52,'EDM','2020-10-20')
INSERT INTO Sys_PDMonthlyPerformanceComparison(DeviceType,DeviceName,Number,Type,AcctDate)VALUES  ('员工五','月度绩效横向对比',52,'EDM','2020-10-21')
INSERT INTO Sys_PDMonthlyPerformanceComparison(DeviceType,DeviceName,Number,Type,AcctDate)VALUES  ('员工六','月度绩效横向对比',25,'EDM','2020-10-21')
INSERT INTO Sys_PDMonthlyPerformanceComparison(DeviceType,DeviceName,Number,Type,AcctDate)VALUES  ('员工七','月度绩效横向对比',62,'EDM','2020-10-21')
INSERT INTO Sys_PDMonthlyPerformanceComparison(DeviceType,DeviceName,Number,Type,AcctDate)VALUES  ('员工八','月度绩效横向对比',25,'EDM','2020-10-21')
INSERT INTO Sys_PDMonthlyPerformanceComparison(DeviceType,DeviceName,Number,Type,AcctDate)VALUES  ('员工九','月度绩效横向对比',80,'EDM','2020-10-21')
INSERT INTO Sys_PDMonthlyPerformanceComparison(DeviceType,DeviceName,Number,Type,AcctDate)VALUES  ('员工十','月度绩效横向对比',25,'EDM','2020-10-21')


CREATE TABLE Sys_PDMonthlyPerformance --绩效详情：月度绩效成绩
(
	id int identity (1,1) primary KEY,
	DeviceType varchar(50)  NULL, --设备类型
	DeviceName varchar(50)  NULL,--设备名
	Number INT,--合格率
	AcctDate DATE,--数据日期
	CreationTime DATETIME not null default getdate(),--创建时间
	IsEffective int DEFAULT 1 -- 0 无效 1 有效 1显示
) 

INSERT INTO Sys_PDMonthlyPerformance(DeviceType,DeviceName,Number,AcctDate)VALUES  ('员工一','报工工时',58,'2020-09-19')
INSERT INTO Sys_PDMonthlyPerformance(DeviceType,DeviceName,Number,AcctDate)VALUES  ('员工一','产出工时',45,'2020-09-19')
INSERT INTO Sys_PDMonthlyPerformance(DeviceType,DeviceName,Number,AcctDate)VALUES  ('员工一','出勤时间',60,'2020-09-19')
INSERT INTO Sys_PDMonthlyPerformance(DeviceType,DeviceName,Number,AcctDate)VALUES  ('员工二','报工工时',58,'2020-09-19')
INSERT INTO Sys_PDMonthlyPerformance(DeviceType,DeviceName,Number,AcctDate)VALUES  ('员工二','产出工时',45,'2020-09-19')
INSERT INTO Sys_PDMonthlyPerformance(DeviceType,DeviceName,Number,AcctDate)VALUES  ('员工二','出勤时间',60,'2020-09-19')
INSERT INTO Sys_PDMonthlyPerformance(DeviceType,DeviceName,Number,AcctDate)VALUES  ('员工三','报工工时',58,'2020-09-19')
INSERT INTO Sys_PDMonthlyPerformance(DeviceType,DeviceName,Number,AcctDate)VALUES  ('员工三','产出工时',45,'2020-09-19')
INSERT INTO Sys_PDMonthlyPerformance(DeviceType,DeviceName,Number,AcctDate)VALUES  ('员工三','出勤时间',60,'2020-09-19')
INSERT INTO Sys_PDMonthlyPerformance(DeviceType,DeviceName,Number,AcctDate)VALUES  ('员工四','报工工时',58,'2020-09-19')
INSERT INTO Sys_PDMonthlyPerformance(DeviceType,DeviceName,Number,AcctDate)VALUES  ('员工四','产出工时',45,'2020-09-19')
INSERT INTO Sys_PDMonthlyPerformance(DeviceType,DeviceName,Number,AcctDate)VALUES  ('员工四','出勤时间',60,'2020-09-19')
INSERT INTO Sys_PDMonthlyPerformance(DeviceType,DeviceName,Number,AcctDate)VALUES  ('员工五','报工工时',58,'2020-09-19')
INSERT INTO Sys_PDMonthlyPerformance(DeviceType,DeviceName,Number,AcctDate)VALUES  ('员工五','产出工时',45,'2020-09-19')
INSERT INTO Sys_PDMonthlyPerformance(DeviceType,DeviceName,Number,AcctDate)VALUES  ('员工五','出勤时间',60,'2020-09-19')
INSERT INTO Sys_PDMonthlyPerformance(DeviceType,DeviceName,Number,AcctDate)VALUES  ('员工六','报工工时',58,'2020-09-19')
INSERT INTO Sys_PDMonthlyPerformance(DeviceType,DeviceName,Number,AcctDate)VALUES  ('员工六','产出工时',45,'2020-09-19')
INSERT INTO Sys_PDMonthlyPerformance(DeviceType,DeviceName,Number,AcctDate)VALUES  ('员工六','出勤时间',60,'2020-09-19')
INSERT INTO Sys_PDMonthlyPerformance(DeviceType,DeviceName,Number,AcctDate)VALUES  ('员工七','报工工时',58,'2020-09-19')
INSERT INTO Sys_PDMonthlyPerformance(DeviceType,DeviceName,Number,AcctDate)VALUES  ('员工七','产出工时',45,'2020-09-19')
INSERT INTO Sys_PDMonthlyPerformance(DeviceType,DeviceName,Number,AcctDate)VALUES  ('员工七','出勤时间',60,'2020-09-19')
INSERT INTO Sys_PDMonthlyPerformance(DeviceType,DeviceName,Number,AcctDate)VALUES  ('员工八','报工工时',58,'2020-09-19')
INSERT INTO Sys_PDMonthlyPerformance(DeviceType,DeviceName,Number,AcctDate)VALUES  ('员工八','产出工时',45,'2020-09-19')
INSERT INTO Sys_PDMonthlyPerformance(DeviceType,DeviceName,Number,AcctDate)VALUES  ('员工八','出勤时间',60,'2020-09-19')
INSERT INTO Sys_PDMonthlyPerformance(DeviceType,DeviceName,Number,AcctDate)VALUES  ('员工九','报工工时',58,'2020-09-19')
INSERT INTO Sys_PDMonthlyPerformance(DeviceType,DeviceName,Number,AcctDate)VALUES  ('员工九','产出工时',45,'2020-09-19')
INSERT INTO Sys_PDMonthlyPerformance(DeviceType,DeviceName,Number,AcctDate)VALUES  ('员工九','出勤时间',60,'2020-09-19')
INSERT INTO Sys_PDMonthlyPerformance(DeviceType,DeviceName,Number,AcctDate)VALUES  ('员工十','报工工时',58,'2020-09-19')
INSERT INTO Sys_PDMonthlyPerformance(DeviceType,DeviceName,Number,AcctDate)VALUES  ('员工十','产出工时',45,'2020-09-19')
INSERT INTO Sys_PDMonthlyPerformance(DeviceType,DeviceName,Number,AcctDate)VALUES  ('员工十','出勤时间',60,'2020-09-19')
INSERT INTO Sys_PDMonthlyPerformance(DeviceType,DeviceName,Number,AcctDate)VALUES  ('员工十一','报工工时',58,'2020-09-19')
INSERT INTO Sys_PDMonthlyPerformance(DeviceType,DeviceName,Number,AcctDate)VALUES  ('员工十一','产出工时',45,'2020-09-19')
INSERT INTO Sys_PDMonthlyPerformance(DeviceType,DeviceName,Number,AcctDate)VALUES  ('员工十一','出勤时间',60,'2020-09-19')

INSERT INTO Sys_PDMonthlyPerformance(DeviceType,DeviceName,Number,AcctDate)VALUES  ('员工一','报工工时',58,'2020-10-19')
INSERT INTO Sys_PDMonthlyPerformance(DeviceType,DeviceName,Number,AcctDate)VALUES  ('员工一','产出工时',45,'2020-10-19')
INSERT INTO Sys_PDMonthlyPerformance(DeviceType,DeviceName,Number,AcctDate)VALUES  ('员工一','出勤时间',60,'2020-10-19')
INSERT INTO Sys_PDMonthlyPerformance(DeviceType,DeviceName,Number,AcctDate)VALUES  ('员工二','报工工时',58,'2020-10-19')
INSERT INTO Sys_PDMonthlyPerformance(DeviceType,DeviceName,Number,AcctDate)VALUES  ('员工二','产出工时',45,'2020-10-19')
INSERT INTO Sys_PDMonthlyPerformance(DeviceType,DeviceName,Number,AcctDate)VALUES  ('员工二','出勤时间',60,'2020-10-19')
INSERT INTO Sys_PDMonthlyPerformance(DeviceType,DeviceName,Number,AcctDate)VALUES  ('员工三','报工工时',58,'2020-10-19')
INSERT INTO Sys_PDMonthlyPerformance(DeviceType,DeviceName,Number,AcctDate)VALUES  ('员工三','产出工时',45,'2020-10-19')
INSERT INTO Sys_PDMonthlyPerformance(DeviceType,DeviceName,Number,AcctDate)VALUES  ('员工三','出勤时间',60,'2020-10-19')
INSERT INTO Sys_PDMonthlyPerformance(DeviceType,DeviceName,Number,AcctDate)VALUES  ('员工四','报工工时',58,'2020-10-19')
INSERT INTO Sys_PDMonthlyPerformance(DeviceType,DeviceName,Number,AcctDate)VALUES  ('员工四','产出工时',45,'2020-10-19')
INSERT INTO Sys_PDMonthlyPerformance(DeviceType,DeviceName,Number,AcctDate)VALUES  ('员工四','出勤时间',60,'2020-10-19')
INSERT INTO Sys_PDMonthlyPerformance(DeviceType,DeviceName,Number,AcctDate)VALUES  ('员工五','报工工时',58,'2020-10-19')
INSERT INTO Sys_PDMonthlyPerformance(DeviceType,DeviceName,Number,AcctDate)VALUES  ('员工五','产出工时',45,'2020-10-19')
INSERT INTO Sys_PDMonthlyPerformance(DeviceType,DeviceName,Number,AcctDate)VALUES  ('员工五','出勤时间',60,'2020-10-19')
INSERT INTO Sys_PDMonthlyPerformance(DeviceType,DeviceName,Number,AcctDate)VALUES  ('员工六','报工工时',58,'2020-10-19')
INSERT INTO Sys_PDMonthlyPerformance(DeviceType,DeviceName,Number,AcctDate)VALUES  ('员工六','产出工时',45,'2020-10-19')
INSERT INTO Sys_PDMonthlyPerformance(DeviceType,DeviceName,Number,AcctDate)VALUES  ('员工六','出勤时间',60,'2020-10-19')
INSERT INTO Sys_PDMonthlyPerformance(DeviceType,DeviceName,Number,AcctDate)VALUES  ('员工七','报工工时',58,'2020-10-19')
INSERT INTO Sys_PDMonthlyPerformance(DeviceType,DeviceName,Number,AcctDate)VALUES  ('员工七','产出工时',45,'2020-10-19')
INSERT INTO Sys_PDMonthlyPerformance(DeviceType,DeviceName,Number,AcctDate)VALUES  ('员工七','出勤时间',60,'2020-10-19')
INSERT INTO Sys_PDMonthlyPerformance(DeviceType,DeviceName,Number,AcctDate)VALUES  ('员工八','报工工时',58,'2020-10-19')
INSERT INTO Sys_PDMonthlyPerformance(DeviceType,DeviceName,Number,AcctDate)VALUES  ('员工八','产出工时',45,'2020-10-19')
INSERT INTO Sys_PDMonthlyPerformance(DeviceType,DeviceName,Number,AcctDate)VALUES  ('员工八','出勤时间',60,'2020-10-19')
INSERT INTO Sys_PDMonthlyPerformance(DeviceType,DeviceName,Number,AcctDate)VALUES  ('员工九','报工工时',58,'2020-10-19')
INSERT INTO Sys_PDMonthlyPerformance(DeviceType,DeviceName,Number,AcctDate)VALUES  ('员工九','产出工时',45,'2020-10-19')
INSERT INTO Sys_PDMonthlyPerformance(DeviceType,DeviceName,Number,AcctDate)VALUES  ('员工九','出勤时间',60,'2020-10-19')
INSERT INTO Sys_PDMonthlyPerformance(DeviceType,DeviceName,Number,AcctDate)VALUES  ('员工十','报工工时',58,'2020-10-19')
INSERT INTO Sys_PDMonthlyPerformance(DeviceType,DeviceName,Number,AcctDate)VALUES  ('员工十','产出工时',45,'2020-10-19')
INSERT INTO Sys_PDMonthlyPerformance(DeviceType,DeviceName,Number,AcctDate)VALUES  ('员工十','出勤时间',60,'2020-10-19')
INSERT INTO Sys_PDMonthlyPerformance(DeviceType,DeviceName,Number,AcctDate)VALUES  ('员工十一','报工工时',58,'2020-10-19')
INSERT INTO Sys_PDMonthlyPerformance(DeviceType,DeviceName,Number,AcctDate)VALUES  ('员工十一','产出工时',45,'2020-10-19')
INSERT INTO Sys_PDMonthlyPerformance(DeviceType,DeviceName,Number,AcctDate)VALUES  ('员工十一','出勤时间',60,'2020-10-19')

-----------------------------------------------------------------------
CREATE TABLE Sys_EOJiaDongRateContrast --设备总览：稼动率对比
(
	id int identity (1,1) primary KEY,
	DeviceType varchar(50)  NULL, --设备类型
	DeviceName varchar(50)  NULL,--设备名
	Number INT,--稼动率
	Type varchar(50)  NULL,--类型（）
	AcctDate DATE,--数据日期
	CreationTime DATETIME not null default getdate(),--创建时间
	IsEffective int DEFAULT 1 -- 0 无效 1 有效 1显示
) 
INSERT INTO Sys_EOJiaDongRateContrast(DeviceType,DeviceName,Number,Type,AcctDate)VALUES  ('2020-08-10','稼动率',79,'设备一','2020-08-10')
INSERT INTO Sys_EOJiaDongRateContrast(DeviceType,DeviceName,Number,Type,AcctDate)VALUES  ('2020-08-10','稼动率',10,'设备一','2020-08-10')
INSERT INTO Sys_EOJiaDongRateContrast(DeviceType,DeviceName,Number,Type,AcctDate)VALUES  ('2020-08-11','稼动率',39,'设备一','2020-08-11')
INSERT INTO Sys_EOJiaDongRateContrast(DeviceType,DeviceName,Number,Type,AcctDate)VALUES  ('2020-08-12','稼动率',80,'设备一','2020-08-12')
INSERT INTO Sys_EOJiaDongRateContrast(DeviceType,DeviceName,Number,Type,AcctDate)VALUES  ('2020-08-13','稼动率',52,'设备一','2020-08-13')
INSERT INTO Sys_EOJiaDongRateContrast(DeviceType,DeviceName,Number,Type,AcctDate)VALUES  ('2020-08-14','稼动率',52,'设备一','2020-08-14')
INSERT INTO Sys_EOJiaDongRateContrast(DeviceType,DeviceName,Number,Type,AcctDate)VALUES  ('2020-08-15','稼动率',25,'设备一','2020-08-15')
INSERT INTO Sys_EOJiaDongRateContrast(DeviceType,DeviceName,Number,Type,AcctDate)VALUES  ('2020-08-16','稼动率',62,'设备一','2020-08-16')
INSERT INTO Sys_EOJiaDongRateContrast(DeviceType,DeviceName,Number,Type,AcctDate)VALUES  ('2020-08-17','稼动率',25,'设备一','2020-08-17')
INSERT INTO Sys_EOJiaDongRateContrast(DeviceType,DeviceName,Number,Type,AcctDate)VALUES  ('2020-08-18','稼动率',80,'设备一','2020-08-18')
INSERT INTO Sys_EOJiaDongRateContrast(DeviceType,DeviceName,Number,Type,AcctDate)VALUES  ('2020-08-19','稼动率',25,'设备一','2020-08-19')
INSERT INTO Sys_EOJiaDongRateContrast(DeviceType,DeviceName,Number,Type,AcctDate)VALUES  ('2020-08-20','稼动率',79,'设备一','2020-08-20')

INSERT INTO Sys_EOJiaDongRateContrast(DeviceType,DeviceName,Number,Type,AcctDate)VALUES  ('2020-08-10','稼动率',29,'设备二','2020-08-10')
INSERT INTO Sys_EOJiaDongRateContrast(DeviceType,DeviceName,Number,Type,AcctDate)VALUES  ('2020-08-10','稼动率',30,'设备二','2020-08-10')
INSERT INTO Sys_EOJiaDongRateContrast(DeviceType,DeviceName,Number,Type,AcctDate)VALUES  ('2020-08-11','稼动率',39,'设备二','2020-08-11')
INSERT INTO Sys_EOJiaDongRateContrast(DeviceType,DeviceName,Number,Type,AcctDate)VALUES  ('2020-08-12','稼动率',80,'设备二','2020-08-12')
INSERT INTO Sys_EOJiaDongRateContrast(DeviceType,DeviceName,Number,Type,AcctDate)VALUES  ('2020-08-13','稼动率',52,'设备二','2020-08-13')
INSERT INTO Sys_EOJiaDongRateContrast(DeviceType,DeviceName,Number,Type,AcctDate)VALUES  ('2020-08-14','稼动率',52,'设备二','2020-08-14')
INSERT INTO Sys_EOJiaDongRateContrast(DeviceType,DeviceName,Number,Type,AcctDate)VALUES  ('2020-08-15','稼动率',25,'设备二','2020-08-15')
INSERT INTO Sys_EOJiaDongRateContrast(DeviceType,DeviceName,Number,Type,AcctDate)VALUES  ('2020-08-16','稼动率',62,'设备二','2020-08-16')
INSERT INTO Sys_EOJiaDongRateContrast(DeviceType,DeviceName,Number,Type,AcctDate)VALUES  ('2020-08-17','稼动率',25,'设备二','2020-08-17')
INSERT INTO Sys_EOJiaDongRateContrast(DeviceType,DeviceName,Number,Type,AcctDate)VALUES  ('2020-08-18','稼动率',80,'设备二','2020-08-18')
INSERT INTO Sys_EOJiaDongRateContrast(DeviceType,DeviceName,Number,Type,AcctDate)VALUES  ('2020-08-19','稼动率',25,'设备二','2020-08-19')
INSERT INTO Sys_EOJiaDongRateContrast(DeviceType,DeviceName,Number,Type,AcctDate)VALUES  ('2020-08-20','稼动率',79,'设备二','2020-08-20')

CREATE TABLE Sys_EOEquipmentJiaDongRate --设备总览：设备稼动率
(
	id int identity (1,1) primary KEY,
	DeviceType varchar(50)  NULL, --设备类型
	DeviceName varchar(50)  NULL,--设备名
	Number INT,--设备稼动率
	AcctDate DATE,--数据日期
	CreationTime DATETIME not null default getdate(),--创建时间
	IsEffective int DEFAULT 1 -- 0 无效 1 有效 1显示
) 
INSERT INTO Sys_EOEquipmentJiaDongRate(DeviceType,DeviceName,Number,AcctDate)VALUES  ('设备一','设备稼动率',79,'2020-10-19')
INSERT INTO Sys_EOEquipmentJiaDongRate(DeviceType,DeviceName,Number,AcctDate)VALUES  ('设备一','设备稼动率',10,'2020-10-19')
INSERT INTO Sys_EOEquipmentJiaDongRate(DeviceType,DeviceName,Number,AcctDate)VALUES  ('设备二','设备稼动率',80,'2020-10-20')
INSERT INTO Sys_EOEquipmentJiaDongRate(DeviceType,DeviceName,Number,AcctDate)VALUES  ('设备三','设备稼动率',52,'2020-10-21')
INSERT INTO Sys_EOEquipmentJiaDongRate(DeviceType,DeviceName,Number,AcctDate)VALUES  ('设备四','设备稼动率',62,'2020-10-22')
INSERT INTO Sys_EOEquipmentJiaDongRate(DeviceType,DeviceName,Number,AcctDate)VALUES  ('设备五','设备稼动率',80,'2020-10-23')
INSERT INTO Sys_EOEquipmentJiaDongRate(DeviceType,DeviceName,Number,AcctDate)VALUES  ('设备六','设备稼动率',41,'2020-10-24')
INSERT INTO Sys_EOEquipmentJiaDongRate(DeviceType,DeviceName,Number,AcctDate)VALUES  ('设备七','设备稼动率',50,'2020-10-25')
INSERT INTO Sys_EOEquipmentJiaDongRate(DeviceType,DeviceName,Number,AcctDate)VALUES  ('设备八','设备稼动率',19,'2020-10-26')
INSERT INTO Sys_EOEquipmentJiaDongRate(DeviceType,DeviceName,Number,AcctDate)VALUES  ('设备九','设备稼动率',62,'2020-10-27')

CREATE TABLE Sys_EOEquipmentTimeAnalysis --设备总览：设备用时分析
(
	id int identity (1,1) primary KEY,
	DeviceType varchar(50)  NULL, --设备类型
	DeviceName varchar(50)  NULL,--设备名
	Number INT,
	AcctDate DATE,--数据日期
	CreationTime DATETIME not null default getdate(),--创建时间
	IsEffective int DEFAULT 1 -- 0 无效 1 有效 1显示
) 
INSERT INTO Sys_EOEquipmentTimeAnalysis(DeviceType,DeviceName,Number,AcctDate)VALUES  ('设备一','运行',42,'2020-10-19')
INSERT INTO Sys_EOEquipmentTimeAnalysis(DeviceType,DeviceName,Number,AcctDate)VALUES  ('设备一','空闲',55,'2020-10-19')
INSERT INTO Sys_EOEquipmentTimeAnalysis(DeviceType,DeviceName,Number,AcctDate)VALUES  ('设备一','报警',0,'2020-10-19')
INSERT INTO Sys_EOEquipmentTimeAnalysis(DeviceType,DeviceName,Number,AcctDate)VALUES  ('设备一','离线',3,'2020-10-19')
INSERT INTO Sys_EOEquipmentTimeAnalysis(DeviceType,DeviceName,Number,AcctDate)VALUES  ('设备一','调试',0,'2020-10-19')
INSERT INTO Sys_EOEquipmentTimeAnalysis(DeviceType,DeviceName,Number,AcctDate)VALUES  ('设备二','运行',0,'2020-10-19')
INSERT INTO Sys_EOEquipmentTimeAnalysis(DeviceType,DeviceName,Number,AcctDate)VALUES  ('设备二','空闲',0,'2020-10-19')
INSERT INTO Sys_EOEquipmentTimeAnalysis(DeviceType,DeviceName,Number,AcctDate)VALUES  ('设备二','报警',0,'2020-10-19')
INSERT INTO Sys_EOEquipmentTimeAnalysis(DeviceType,DeviceName,Number,AcctDate)VALUES  ('设备二','离线',0,'2020-10-19')
INSERT INTO Sys_EOEquipmentTimeAnalysis(DeviceType,DeviceName,Number,AcctDate)VALUES  ('设备二','调试',0,'2020-10-19')
INSERT INTO Sys_EOEquipmentTimeAnalysis(DeviceType,DeviceName,Number,AcctDate)VALUES  ('设备三','运行',20,'2020-10-19')
INSERT INTO Sys_EOEquipmentTimeAnalysis(DeviceType,DeviceName,Number,AcctDate)VALUES  ('设备三','空闲',20,'2020-10-19')
INSERT INTO Sys_EOEquipmentTimeAnalysis(DeviceType,DeviceName,Number,AcctDate)VALUES  ('设备三','报警',20,'2020-10-19')
INSERT INTO Sys_EOEquipmentTimeAnalysis(DeviceType,DeviceName,Number,AcctDate)VALUES  ('设备三','离线',20,'2020-10-19')
INSERT INTO Sys_EOEquipmentTimeAnalysis(DeviceType,DeviceName,Number,AcctDate)VALUES  ('设备三','调试',20,'2020-10-19')
INSERT INTO Sys_EOEquipmentTimeAnalysis(DeviceType,DeviceName,Number,AcctDate)VALUES  ('设备四','运行',10,'2020-10-19')
INSERT INTO Sys_EOEquipmentTimeAnalysis(DeviceType,DeviceName,Number,AcctDate)VALUES  ('设备四','空闲',0,'2020-10-19')
INSERT INTO Sys_EOEquipmentTimeAnalysis(DeviceType,DeviceName,Number,AcctDate)VALUES  ('设备四','报警',80,'2020-10-19')
INSERT INTO Sys_EOEquipmentTimeAnalysis(DeviceType,DeviceName,Number,AcctDate)VALUES  ('设备四','离线',0,'2020-10-19')
INSERT INTO Sys_EOEquipmentTimeAnalysis(DeviceType,DeviceName,Number,AcctDate)VALUES  ('设备四','调试',10,'2020-10-19')

-------------------------中航---------------------------------------------------
CREATE TABLE Sys_AVICTable --中航机器
(
	id int identity (1,1) primary KEY,
	DeviceName varchar(50)  NULL,--设备名(固定名称)
	DeviceNameShow varchar(50)  NULL,--设备名(展示)
    InProcess varchar(50)  NULL,--在制
	DeviceLndicatorLight varchar(50)  NULL,  --设备指示灯(传状态或者颜色/只有固定red/yellow/green三种颜色否则灯不亮)
	DeviceUrl varchar(50)  NULL,  --设备图片Url(固定则不传)
	DeviceRunStatus varchar(50) NULL,--设备运行状态
	DeviceRunTime varchar(50) NULL,--设备运行时间
	TodayOutput INT, --今日产量（件）
	Ident varchar(50) NULL,--标识（GF/MY）对应2个页面
	CreationTime DATETIME not null default getdate(),--创建时间
	IsEffective int DEFAULT 1 -- 0 无效 1 有效 1显示
)
INSERT INTO Sys_AVICTable(DeviceName,DeviceNameShow,InProcess,DeviceLndicatorLight,DeviceUrl,DeviceRunStatus,DeviceRunTime,TodayOutput,Ident)VALUES('EDM1','EDM1 GFP350','在制','red','','运行正常','8时13分',13,'GF')
INSERT INTO Sys_AVICTable(DeviceName,DeviceNameShow,InProcess,DeviceLndicatorLight,DeviceUrl,DeviceRunStatus,DeviceRunTime,TodayOutput,Ident)VALUES('EDM2','EDM1 GFP350','在制','red','','运行正常','8时13分',13,'GF')
INSERT INTO Sys_AVICTable(DeviceName,DeviceNameShow,InProcess,DeviceLndicatorLight,DeviceUrl,DeviceRunStatus,DeviceRunTime,TodayOutput,Ident)VALUES('EDM3','EDM1 GFP350','在制','red','','运行正常','8时13分',13,'GF')
INSERT INTO Sys_AVICTable(DeviceName,DeviceNameShow,InProcess,DeviceLndicatorLight,DeviceUrl,DeviceRunStatus,DeviceRunTime,TodayOutput,Ident)VALUES('EDM4','EDM1 GFP350','在制','red','','运行正常','8时13分',13,'GF')
INSERT INTO Sys_AVICTable(DeviceName,DeviceNameShow,InProcess,DeviceLndicatorLight,DeviceUrl,DeviceRunStatus,DeviceRunTime,TodayOutput,Ident)VALUES('EDM5','EDM1 GFP350','在制','red','','运行正常','8时13分',13,'GF')
INSERT INTO Sys_AVICTable(DeviceName,DeviceNameShow,InProcess,DeviceLndicatorLight,DeviceUrl,DeviceRunStatus,DeviceRunTime,TodayOutput,Ident)VALUES('EDM6','EDM1 GFP350','在制','red','','运行正常','8时13分',13,'GF')

CREATE TABLE Sys_AVICJiaDongRate --中航:稼动率
(
	id int identity (1,1) primary KEY,
	Date varchar(50)  NULL,--日期
	JiaDongRate FLOAT , --稼动率
	DeviceName varchar(50)  NULL,--设备名(固定名称)
	Ident varchar(50) NULL,--标识（GF/MY）对应2个页面
	CreationTime DATETIME not null default getdate(),--创建时间
	IsEffective int DEFAULT 1 -- 0 无效 1 有效 1显示
)

INSERT INTO Sys_AVICJiaDongRate(Date,JiaDongRate,DeviceName,Ident)VALUES('1.11',80,'EDM1','GF')
INSERT INTO Sys_AVICJiaDongRate(Date,JiaDongRate,DeviceName,Ident)VALUES('1.12',60,'EDM1','GF')
INSERT INTO Sys_AVICJiaDongRate(Date,JiaDongRate,DeviceName,Ident)VALUES('1.13',90,'EDM1','GF')
INSERT INTO Sys_AVICJiaDongRate(Date,JiaDongRate,DeviceName,Ident)VALUES('1.14',50,'EDM1','GF')
INSERT INTO Sys_AVICJiaDongRate(Date,JiaDongRate,DeviceName,Ident)VALUES('1.15',40,'EDM1','GF')
INSERT INTO Sys_AVICJiaDongRate(Date,JiaDongRate,DeviceName,Ident)VALUES('1.16',70,'EDM1','GF')
INSERT INTO Sys_AVICJiaDongRate(Date,JiaDongRate,DeviceName,Ident)VALUES('1.17',100,'EDM1','GF')


CREATE table Sys_AVICDetail  --中航:明细
(  
id int identity (1,1) primary key , 
AlarmNumber varchar(50)  NULL, --报警号
AlarmContent  varchar(50)  NULL,--报警内容
AlarmTime DATETIME, --报警时间
ReleaseTime DATETIME, --解除时间
TimeConsuming varchar(50)  NULL,--时间
DeviceName varchar(50)  NULL,--设备名(固定名称)
Ident varchar(50) NULL,--标识（GF/MY）对应2个页面
CreationTime DATETIME not null default getdate(),--创建时间
IsEffective int DEFAULT 1 -- 0 无效 1 有效 1显示
) 
INSERT INTO Sys_AVICDetail(AlarmNumber,AlarmContent,AlarmTime,ReleaseTime,TimeConsuming,DeviceName,Ident)VALUES('110','01',GETDATE(),GETDATE(),'4H','EDM1','GF')
INSERT INTO Sys_AVICDetail(AlarmNumber,AlarmContent,AlarmTime,ReleaseTime,TimeConsuming,DeviceName,Ident)VALUES('112','02',GETDATE(),GETDATE(),'5H','EDM1','GF')
INSERT INTO Sys_AVICDetail(AlarmNumber,AlarmContent,AlarmTime,ReleaseTime,TimeConsuming,DeviceName,Ident)VALUES('120','03',GETDATE(),GETDATE(),'6H','EDM1','GF')
INSERT INTO Sys_AVICDetail(AlarmNumber,AlarmContent,AlarmTime,ReleaseTime,TimeConsuming,DeviceName,Ident)VALUES('119','04',GETDATE(),GETDATE(),'7H','EDM1','GF')
INSERT INTO Sys_AVICDetail(AlarmNumber,AlarmContent,AlarmTime,ReleaseTime,TimeConsuming,DeviceName,Ident)VALUES('122','05',GETDATE(),GETDATE(),'8H','EDM1','GF')


CREATE TABLE Sys_AVICQualifiedAndCropRate --中航:合格率and稼动率
(
	id int identity (1,1) primary KEY,
	DeviceType varchar(50)  NULL, --设备类型
	DeviceName varchar(50)  NULL,--设备名
	Number INT,--数据
	Type varchar(50)  NULL,--类型（HG/JD）
	Ident varchar(50) NULL,--标识（GF/MY）对应2个页面
	CreationTime DATETIME not null default getdate(),--创建时间
	IsEffective int DEFAULT 1 -- 0 无效 1 有效 1显示
)
INSERT INTO dbo.Sys_AVICQualifiedAndCropRate(DeviceType,DeviceName,Number,Type,Ident)VALUES  ('设备一','合格率',58,'HG','GF')
INSERT INTO dbo.Sys_AVICQualifiedAndCropRate(DeviceType,DeviceName,Number,Type,Ident)VALUES  ('设备二','合格率',68,'HG','GF')
INSERT INTO dbo.Sys_AVICQualifiedAndCropRate(DeviceType,DeviceName,Number,Type,Ident)VALUES  ('设备三','合格率',81,'HG','GF')
INSERT INTO dbo.Sys_AVICQualifiedAndCropRate(DeviceType,DeviceName,Number,Type,Ident)VALUES  ('设备四','合格率',58,'HG','GF')
INSERT INTO dbo.Sys_AVICQualifiedAndCropRate(DeviceType,DeviceName,Number,Type,Ident)VALUES  ('设备五','合格率',81,'HG','GF')
INSERT INTO dbo.Sys_AVICQualifiedAndCropRate(DeviceType,DeviceName,Number,Type,Ident)VALUES  ('设备六','合格率',58,'HG','GF')

INSERT INTO dbo.Sys_AVICQualifiedAndCropRate(DeviceType,DeviceName,Number,Type,Ident)VALUES  ('设备一','稼动率',58,'JD','GF')
INSERT INTO dbo.Sys_AVICQualifiedAndCropRate(DeviceType,DeviceName,Number,Type,Ident)VALUES  ('设备二','稼动率',68,'JD','GF')
INSERT INTO dbo.Sys_AVICQualifiedAndCropRate(DeviceType,DeviceName,Number,Type,Ident)VALUES  ('设备三','稼动率',81,'JD','GF')
INSERT INTO dbo.Sys_AVICQualifiedAndCropRate(DeviceType,DeviceName,Number,Type,Ident)VALUES  ('设备四','稼动率',58,'JD','GF')
INSERT INTO dbo.Sys_AVICQualifiedAndCropRate(DeviceType,DeviceName,Number,Type,Ident)VALUES  ('设备五','稼动率',81,'JD','GF')
INSERT INTO dbo.Sys_AVICQualifiedAndCropRate(DeviceType,DeviceName,Number,Type,Ident)VALUES  ('设备六','稼动率',58,'JD','GF')


CREATE TABLE Sys_AVICAlarm --中航:报警编号&报警次数
(
	id int identity (1,1) primary KEY,
	Type varchar(50)  NULL,--类型
	Cost INT , --成本
	Ident varchar(50) NULL,--标识（GF/MY）对应2个页面
	CreationTime DATETIME not null default getdate(),--创建时间
	IsEffective int DEFAULT 1 -- 0 无效 1 有效 1显示
)
INSERT dbo.Sys_AVICAlarm(Type,Cost,Ident)VALUES('101',68,'GF')
INSERT dbo.Sys_AVICAlarm(Type,Cost,Ident)VALUES('102',12,'GF')
INSERT dbo.Sys_AVICAlarm(Type,Cost,Ident)VALUES('103',17,'GF')
INSERT dbo.Sys_AVICAlarm(Type,Cost,Ident)VALUES('104',3,'GF')

CREATE TABLE Sys_AVICDeviceOutput --中航:设备产量(前一周)
(
	id int identity (1,1) primary KEY,
	DeviceType varchar(50)  NULL, --设备类型
	DeviceName varchar(50)  NULL,--(设备/产品)
	Number INT,
	Ident varchar(50) NULL,--标识（GF/MY）对应2个页面
	CreationTime DATETIME not null default getdate(),--创建时间
	IsEffective int DEFAULT 1 -- 0 无效 1 有效 1显示
)
INSERT INTO Sys_AVICDeviceOutput(DeviceType,DeviceName,Number,Ident)VALUES('MAKIN01','设备',50,'GF')
INSERT INTO Sys_AVICDeviceOutput(DeviceType,DeviceName,Number,Ident)VALUES('MAKIN02','设备',70,'GF')
INSERT INTO Sys_AVICDeviceOutput(DeviceType,DeviceName,Number,Ident)VALUES('MAKIN03','设备',20,'GF')
INSERT INTO Sys_AVICDeviceOutput(DeviceType,DeviceName,Number,Ident)VALUES('MAKIN04','设备',30,'GF')
INSERT INTO Sys_AVICDeviceOutput(DeviceType,DeviceName,Number,Ident)VALUES('MAKIN05','设备',40,'GF')
INSERT INTO Sys_AVICDeviceOutput(DeviceType,DeviceName,Number,Ident)VALUES('MAKIN06','设备',80,'GF')

INSERT INTO Sys_AVICDeviceOutput(DeviceType,DeviceName,Number,Ident)VALUES('MAKIN01','产品',50,'GF')
INSERT INTO Sys_AVICDeviceOutput(DeviceType,DeviceName,Number,Ident)VALUES('MAKIN02','产品',70,'GF')
INSERT INTO Sys_AVICDeviceOutput(DeviceType,DeviceName,Number,Ident)VALUES('MAKIN03','产品',20,'GF')
INSERT INTO Sys_AVICDeviceOutput(DeviceType,DeviceName,Number,Ident)VALUES('MAKIN04','产品',30,'GF')
INSERT INTO Sys_AVICDeviceOutput(DeviceType,DeviceName,Number,Ident)VALUES('MAKIN05','产品',40,'GF')
INSERT INTO Sys_AVICDeviceOutput(DeviceType,DeviceName,Number,Ident)VALUES('MAKIN06','产品',80,'GF')


--------------------------------巴奥米特----------------------------------- 
CREATE TABLE Bamt_QualifiedNumber
(
	id int identity (1,1) primary KEY,
	Type varchar(50)  NULL,
	Number INT,
	CreationTime DATETIME not null default getdate(),--创建时间
	IsEffective int DEFAULT 1 -- 0 无效 1 有效 1显示
)
INSERT dbo.Bamt_QualifiedNumber(Type,Number)VALUES('合格数',43)
INSERT dbo.Bamt_QualifiedNumber(Type,Number)VALUES('不合格数',12)


CREATE table Bamt_MainDetails  --主明细
(  
id int identity (1,1) primary key , 
DeviceName  VARCHAR(50)  NULL, --设备名称
DeviceModel VARCHAR(50)  NULL, --设备型号(隐藏)
Place       VARCHAR(50)  NULL, --放置地点(隐藏)
DeviceNumber VARCHAR(50)  NULL, --设备编号(隐藏)
DeviceUrl   varchar(100) NULL, --设备图片(隐藏)
Result varchar(50)  NULL,--结果
XFlatness FLOAT, --X平面度
YFlatness FLOAT, --Y平面度
XZRightAngle FLOAT, --XZ直角
YZRightAngle FLOAT, --YZ直角
XYRightAngle FLOAT, --XY直角
XRepeatPrecision FLOAT, --X重复精度
YRepeatPrecision FLOAT, --Y重复精度
ZRepeatPrecision FLOAT, --Z重复精度
Time varchar(50)  NULL,--时间
CreationTime DATETIME not null default getdate(),--创建时间
IsEffective int DEFAULT 1 -- 0 无效 1 有效 1显示
) 
INSERT INTO Bamt_MainDetails(DeviceName,DeviceModel,Place,DeviceNumber,DeviceUrl,Result,XFlatness,YFlatness,XZRightAngle,YZRightAngle,XYRightAngle,XRepeatPrecision,YRepeatPrecision,ZRepeatPrecision,Time)VALUES
('WX190614001','HEM500U','植入区','ZBJ41-03/ABJ41-01','','OK',0.001,0.002,0.003,0.004,0.005,0.006,0.007,0.008,'2021-2-7 13:10:22')
INSERT INTO Bamt_MainDetails(DeviceName,DeviceModel,Place,DeviceNumber,DeviceUrl,Result,XFlatness,YFlatness,XZRightAngle,YZRightAngle,XYRightAngle,XRepeatPrecision,YRepeatPrecision,ZRepeatPrecision,Time)VALUES
('WX190614002','HEM502U','植入区','ZBJ41-03/ABJ41-02','','OK',0.011,0.012,0.013,0.014,0.015,0.016,0.017,0.018,'2021-02-07 13:10:22')
INSERT INTO Bamt_MainDetails(DeviceName,DeviceModel,Place,DeviceNumber,DeviceUrl,Result,XFlatness,YFlatness,XZRightAngle,YZRightAngle,XYRightAngle,XRepeatPrecision,YRepeatPrecision,ZRepeatPrecision,Time)VALUES
('WX190614003','HEM503U','植入区','ZBJ41-03/ABJ41-03','','NG',0.011,0.012,0.013,0.014,0.015,0.016,0.017,0.018,'2021-02-07 13:10:22')

CREATE TABLE Bamt_LineChart --折线图
(
	id int identity (1,1) primary KEY,
	Name   varchar(50)  NULL,    --名称(隐藏,条件) 
	DeviceType varchar(50)  NULL,--设备类型
	DeviceName varchar(50)  NULL,--设备名
	Number FLOAT,				 --数据
	AcctDate DATE,				 --数据日期
	Type varchar(50)  NULL,      --类型(1-8)
	CreationTime DATETIME not null default getdate(),--创建时间
	IsEffective int DEFAULT 1 -- 0 无效 1 有效 1显示
)
INSERT INTO Bamt_LineChart(Name,DeviceType,DeviceName,Number,AcctDate,Type)VALUES  ('WX190614001','2020.08.10','',0.002,'2020-08-10','1')
INSERT INTO Bamt_LineChart(Name,DeviceType,DeviceName,Number,AcctDate,Type)VALUES  ('WX190614001','2020.08.11','',0.002,'2020-08-11','1')
INSERT INTO Bamt_LineChart(Name,DeviceType,DeviceName,Number,AcctDate,Type)VALUES  ('WX190614001','2020.08.12','',0.002,'2020-08-12','1')
INSERT INTO Bamt_LineChart(Name,DeviceType,DeviceName,Number,AcctDate,Type)VALUES  ('WX190614001','2020.08.13','',0.002,'2020-08-13','1')
INSERT INTO Bamt_LineChart(Name,DeviceType,DeviceName,Number,AcctDate,Type)VALUES  ('WX190614001','2020.08.14','',0.002,'2020-08-14','1')
INSERT INTO Bamt_LineChart(Name,DeviceType,DeviceName,Number,AcctDate,Type)VALUES  ('WX190614001','2020.08.15','',0.002,'2020-08-15','1')
INSERT INTO Bamt_LineChart(Name,DeviceType,DeviceName,Number,AcctDate,Type)VALUES  ('WX190614001','2020.08.16','',0.002,'2020-08-16','1')
INSERT INTO Bamt_LineChart(Name,DeviceType,DeviceName,Number,AcctDate,Type)VALUES  ('WX190614001','2020.08.17','',0.002,'2020-08-17','1')
INSERT INTO Bamt_LineChart(Name,DeviceType,DeviceName,Number,AcctDate,Type)VALUES  ('WX190614001','2020.08.10','',0.002,'2020-08-10','2')
INSERT INTO Bamt_LineChart(Name,DeviceType,DeviceName,Number,AcctDate,Type)VALUES  ('WX190614001','2020.08.11','',0.002,'2020-08-11','2')
INSERT INTO Bamt_LineChart(Name,DeviceType,DeviceName,Number,AcctDate,Type)VALUES  ('WX190614001','2020.08.12','',0.002,'2020-08-12','2')
INSERT INTO Bamt_LineChart(Name,DeviceType,DeviceName,Number,AcctDate,Type)VALUES  ('WX190614001','2020.08.13','',0.002,'2020-08-13','2')
INSERT INTO Bamt_LineChart(Name,DeviceType,DeviceName,Number,AcctDate,Type)VALUES  ('WX190614001','2020.08.14','',0.002,'2020-08-14','2')
INSERT INTO Bamt_LineChart(Name,DeviceType,DeviceName,Number,AcctDate,Type)VALUES  ('WX190614001','2020.08.15','',0.002,'2020-08-15','2')
INSERT INTO Bamt_LineChart(Name,DeviceType,DeviceName,Number,AcctDate,Type)VALUES  ('WX190614001','2020.08.16','',0.002,'2020-08-16','2')
INSERT INTO Bamt_LineChart(Name,DeviceType,DeviceName,Number,AcctDate,Type)VALUES  ('WX190614001','2020.08.17','',0.002,'2020-08-17','2')
INSERT INTO Bamt_LineChart(Name,DeviceType,DeviceName,Number,AcctDate,Type)VALUES  ('WX190614001','2020.08.10','',0.002,'2020-08-10','3')
INSERT INTO Bamt_LineChart(Name,DeviceType,DeviceName,Number,AcctDate,Type)VALUES  ('WX190614001','2020.08.11','',0.002,'2020-08-11','3')
INSERT INTO Bamt_LineChart(Name,DeviceType,DeviceName,Number,AcctDate,Type)VALUES  ('WX190614001','2020.08.12','',0.002,'2020-08-12','3')
INSERT INTO Bamt_LineChart(Name,DeviceType,DeviceName,Number,AcctDate,Type)VALUES  ('WX190614001','2020.08.13','',0.002,'2020-08-13','3')
INSERT INTO Bamt_LineChart(Name,DeviceType,DeviceName,Number,AcctDate,Type)VALUES  ('WX190614001','2020.08.14','',0.002,'2020-08-14','3')
INSERT INTO Bamt_LineChart(Name,DeviceType,DeviceName,Number,AcctDate,Type)VALUES  ('WX190614001','2020.08.15','',0.002,'2020-08-15','3')
INSERT INTO Bamt_LineChart(Name,DeviceType,DeviceName,Number,AcctDate,Type)VALUES  ('WX190614001','2020.08.16','',0.002,'2020-08-16','3')
INSERT INTO Bamt_LineChart(Name,DeviceType,DeviceName,Number,AcctDate,Type)VALUES  ('WX190614001','2020.08.17','',0.002,'2020-08-17','3')

CREATE table Bamt_SonDetails  --子明细
(  
id int identity (1,1) primary key , 
DeviceName varchar(50)  NULL, --设备名称(隐藏,条件)
Time varchar(50)  NULL,--时间
Result varchar(50)  NULL,--结果
XFlatness FLOAT, --X平面度
YFlatness FLOAT, --Y平面度
XZRightAngle FLOAT, --XZ直角
YZRightAngle FLOAT, --YZ直角
XYRightAngle FLOAT, --XY直角
XRepeatPrecision FLOAT, --X重复精度
YRepeatPrecision FLOAT, --Y重复精度
ZRepeatPrecision FLOAT, --Z重复精度
CreationTime DATETIME not null default getdate(),--创建时间
IsEffective int DEFAULT 1 -- 0 无效 1 有效 1显示
) 
INSERT INTO Bamt_SonDetails(DeviceName,Time,Result,XFlatness,YFlatness,XZRightAngle,YZRightAngle,XYRightAngle,XRepeatPrecision,YRepeatPrecision,ZRepeatPrecision)VALUES
('WX190614001','2020.08.10','OK',0.001,0.002,0.003,0.004,0.005,0.006,0.007,0.008)
INSERT INTO Bamt_SonDetails(DeviceName,Time,Result,XFlatness,YFlatness,XZRightAngle,YZRightAngle,XYRightAngle,XRepeatPrecision,YRepeatPrecision,ZRepeatPrecision)VALUES
('WX190614001','2020.08.10','NG',0.001,0.002,0.003,0.004,0.005,0.006,0.007,0.008)
INSERT INTO Bamt_SonDetails(DeviceName,Time,Result,XFlatness,YFlatness,XZRightAngle,YZRightAngle,XYRightAngle,XRepeatPrecision,YRepeatPrecision,ZRepeatPrecision)VALUES
('WX190614001','2020.08.10','NG',0.001,0.002,0.003,0.004,0.005,0.006,0.007,0.008)
INSERT INTO Bamt_SonDetails(DeviceName,Time,Result,XFlatness,YFlatness,XZRightAngle,YZRightAngle,XYRightAngle,XRepeatPrecision,YRepeatPrecision,ZRepeatPrecision)VALUES
('WX190614001','2020.08.10','OK',0.001,0.002,0.003,0.004,0.005,0.006,0.007,0.008)
